std,diff,peakIndex,cluster
1.8237569615958448e-05,3.01865e-05,1814,1
1.1876905730551951e-05,1.05115e-05,2837,0
1.896685258117682e-05,3.4019e-05,3542,1
2.174279377953561e-05,2.9776e-05,4385,1
2.1239741569977694e-05,3.41184e-05,4414,1
1.0293418260021959e-05,2.7811999999999997e-05,5657,1
1.7235565237381474e-05,3.3486e-05,6520,1
1.0480244176270284e-05,1.48554e-05,9083,0
2.0295043304814393e-05,3.1204430000000004e-05,9866,1
1.49214329821516e-05,2.46005e-05,10978,1
1.107730034903918e-05,1.75981e-05,15163,0
1.277505946037977e-05,1.52426e-05,16913,0
1.9791287876944726e-05,4.4728e-05,16971,1
1.7323652529934248e-05,3.5823e-05,21673,1
9.406188635617768e-06,1.5864899999999998e-05,21970,0
1.5233846462338115e-05,2.3584e-05,24081,1
9.781841033555387e-06,1.5873500000000003e-05,24563,0
8.783355041759503e-06,1.2425e-05,28204,0
7.610045260382755e-06,1.4270045e-05,29039,0
9.594461904328293e-06,1.3017100000000001e-05,29892,0
1.2353057176458031e-05,1.94471e-05,30971,0
1.7514450707515775e-05,3.1117e-05,34572,1
1.1322786311024551e-05,1.54362e-05,35896,0
1.7779245547446722e-05,1.4837e-05,38627,0
1.0459977861931432e-05,1.16278e-05,38726,0
8.331482661164127e-06,1.1629e-05,41073,0
1.3188699122599832e-05,1.2022399999999999e-05,41676,0
1.711591961636694e-05,3.01752e-05,42319,1
1.0113945392162519e-05,9.032400000000002e-06,44444,0
1.742048734114464e-05,3.2321000000000004e-05,45258,1
1.0189489888159439e-05,1.45524e-05,46416,0
1.009591299439922e-05,1.0237e-05,50925,0
1.7384613864751116e-05,2.73437e-05,51324,1
1.479260034117518e-05,1.1540700000000001e-05,54626,0
1.068384771867573e-05,1.5191e-05,55008,0
1.824531058367388e-05,2.84499e-05,59614,1
1.0490942711415401e-05,1.84018e-05,61763,0
1.3639121060863968e-05,1.61956e-05,62930,0
1.5510669390378413e-05,2.33252e-05,64075,1
9.51948214261615e-06,1.81008e-05,64647,0
1.6528119458765598e-05,3.9461e-05,69173,1
1.0409151096478409e-05,2.01723e-05,70228,0
1.805683481302068e-05,3.21936e-05,70316,1
1.1923197392308378e-05,2.04349e-05,70630,0
1.692840367340469e-05,3.285272e-05,72881,1
1.4807364848753627e-05,1.67361e-05,76597,0
1.4591582667429684e-05,1.0115799999999999e-05,76633,0
1.730767775824885e-05,4.0289999999999995e-05,77147,1
1.5946711722500264e-05,2.29594e-05,78705,1
1.6835079799304562e-05,3.0613e-05,79322,1
1.223814493922412e-05,2.54586e-05,80187,1
1.9270300595238788e-05,3.04443e-05,82542,1
1.2776648952283354e-05,1.75137e-05,84119,0
1.979009402214453e-05,3.41374e-05,84987,1
1.580746533231844e-05,1.63393e-05,90300,0
1.3940583246291774e-05,2.48888e-05,93133,1
1.0096656546169988e-05,1.6998600000000004e-05,94812,0
1.6839348922433114e-05,2.8088e-05,99840,1
1.3913463368352347e-05,1.59699e-05,100273,0
1.4726485205162858e-05,1.757582e-05,101609,0
1.95234546994651e-05,3.13214e-05,102187,1
9.924635831129867e-06,1.62011e-05,104436,0
1.2354502190796793e-05,1.1171000000000002e-05,104810,0
1.3586186133480458e-05,1.6773e-05,107357,0
1.7607798621963058e-05,2.6462e-05,110666,1
1.113201600644894e-05,1.69661e-05,111925,0
1.0455585234934442e-05,1.38276e-05,112481,0
9.140590320072214e-06,1.3020300000000001e-05,112771,0
9.472126767909438e-06,1.68142e-05,116418,0
1.7617867166460777e-05,3.3088999999999994e-05,116919,1
1.8668752517103113e-05,3.5047000000000005e-05,118031,1
1.9633134852801428e-05,2.67103e-05,118070,1
1.421127911873384e-05,1.5670099999999998e-05,118114,0
1.2545579758557884e-05,1.0626e-05,121099,0
1.3973644186197039e-05,2.3278e-05,121482,0
1.7752013339721104e-05,2.80596e-05,124649,1
9.30031017209585e-06,1.67158e-05,126431,0
1.4914852498165091e-05,1.40192e-05,131525,0
1.6623082151257907e-05,3.0865e-05,132452,1
1.493879608871687e-05,1.36529e-05,134332,0
1.1664880954962678e-05,1.5092e-05,137250,0
8.223625498593085e-06,1.2226900000000001e-05,138524,0
1.529678735019056e-05,2.15598e-05,139528,0
9.141632274074393e-06,1.18422e-05,140456,0
1.6895588369978213e-05,3.63815e-05,143819,1
1.6268322898760106e-05,1.4105e-05,145131,0
8.094648925767253e-06,1.67619e-05,145786,0
1.435066016555285e-05,3.607e-05,146121,1
1.6799913544897834e-05,3.6030999999999994e-05,146970,1
1.0173453294634178e-05,2.11419e-05,147759,0
1.7454998176081015e-05,3.10046e-05,147907,1
1.091990661644854e-05,1.08943e-05,148602,0
1.371567818384021e-05,1.65366e-05,148944,0
1.3456861926672694e-05,1.0602100000000001e-05,149066,0
1.1609114979570104e-05,2.134206e-05,149782,0
1.3447365854263651e-05,1.4672599999999999e-05,150226,0
1.7530029982373084e-05,2.39291e-05,150340,1
1.1170999879620779e-05,1.5061599999999998e-05,151587,0
9.840765518337555e-06,1.6934199999999998e-05,158221,0
1.6032601322468942e-05,3.6094e-05,160642,1
1.010686068275976e-05,1.2721999999999998e-05,161782,0
1.0292626363904534e-05,1.23346e-05,167199,0
1.6862005527252686e-05,1.1969000000000002e-05,173306,0
1.3510024425796597e-05,1.3318300000000001e-05,175027,0
8.815770041746684e-06,1.65441e-05,176260,0
1.4542727186250554e-05,1.77325e-05,179294,0
1.2269928248622646e-05,1.43903e-05,185734,0
9.818263829383572e-06,1.59761e-05,190276,0
1.906967738027103e-05,1.6432500000000002e-05,192084,0
9.639401170166194e-06,1.69402e-05,193472,0
1.6465742455658042e-05,3.44702e-05,196685,1
1.4695574782000135e-05,1.74825e-05,201060,0
1.4280658150047737e-05,1.66635e-05,202270,0
8.223703171083671e-06,1.1946000000000002e-05,202731,0
1.658002619472344e-05,1.32891e-05,202828,0
1.014663781895459e-05,1.3945800000000001e-05,204907,0
1.4231009160383652e-05,1.21173e-05,206943,0
1.8838568408458944e-05,2.96234e-05,207774,1
1.2780175352543586e-05,1.31945e-05,207915,0
9.597966579508735e-06,1.51703e-05,208065,0
9.177567124969637e-06,1.70498e-05,209798,0
1.0541457234001667e-05,1.83263e-05,211256,0
1.7519496345208474e-05,2.5683300000000002e-05,214199,1
1.5398701567443992e-05,1.55541e-05,219814,0
1.512610304794694e-05,2.7151899999999997e-05,220829,1
1.8111948104316817e-05,2.9057900000000002e-05,224349,1
8.909857051665408e-06,2.01834e-05,225888,0
8.917442726417368e-06,1.24866e-05,230256,0
1.0008180491644976e-05,1.40419e-05,230318,0
9.38237938338736e-06,1.62762e-05,234366,0
1.1147932808881097e-05,1.71797e-05,240775,0
2.007365017326488e-05,4.08208e-05,249984,1
1.7150426725485565e-05,1.60364e-05,258561,0
1.2263109625164636e-05,1.99268e-05,262899,0
1.4710084747360928e-05,1.6784e-05,264957,0
9.996429297777926e-06,1.27842e-05,277228,0
1.7452202048940443e-05,3.25637e-05,278588,1
1.5895357269097603e-05,2.3500300000000003e-05,279791,1
1.422733587320491e-05,1.4738e-05,285423,0
1.3698097829180815e-05,1.5615e-05,286746,0
1.5561427112260573e-05,2.9917e-05,287153,1
1.116134086844084e-05,1.4664799999999999e-05,289501,0
1.0659158064323522e-05,1.37842e-05,290354,0
1.556922102956878e-05,3.0949e-05,290720,1
8.557134065863613e-06,1.6642400000000002e-05,291603,0
1.5870602637721632e-05,3.031654e-05,294810,1
9.847392256001493e-06,1.69771e-05,295923,0
1.609165027714606e-05,2.42421e-05,297366,1
1.9518999604746733e-05,3.31161e-05,302452,1
1.8533144391255253e-05,3.47828e-05,304250,1
9.306196817053038e-06,1.2312e-05,304792,0
1.5877818397850415e-05,2.18494e-05,305830,0
1.2995836742006153e-05,1.3406400000000001e-05,307399,0
1.6484085226600462e-05,3.4713000000000005e-05,307733,1
1.809701639058862e-05,4.1751499999999995e-05,310449,1
1.5955739454667422e-05,3.3053e-05,313676,1
1.0464550387687794e-05,1.3671e-05,314251,0
1.2928036556208466e-05,1.2144000000000001e-05,314985,0
1.0236778748956927e-05,1.6530799999999998e-05,318283,0
8.616970934757817e-06,1.3284600000000002e-05,319321,0
1.5409599544755284e-05,1.21714e-05,320059,0
1.2175419591845182e-05,1.85797e-05,320428,0
1.6621808507830973e-05,3.2993e-05,324818,1
1.1463265343936277e-05,1.271884e-05,325323,0
1.3715687588114416e-05,3.02918e-05,327216,1
1.1133474268665327e-05,1.2579019999999999e-05,329190,0
1.5438078263345583e-05,2.6531e-05,330061,1
1.0464875954023433e-05,2.13833e-05,331012,0
1.5653780565077232e-05,3.5391e-05,340205,1
9.453702941957046e-06,2.0809699999999998e-05,340355,0
9.45256051201821e-06,1.89051e-05,342442,0
1.0241255306624131e-05,1.28631e-05,343544,0
9.297451408067632e-06,1.3321e-05,344533,0
1.7078467142781876e-05,2.34109e-05,345496,1
8.445767758083025e-06,1.6202e-05,347231,0
1.558331307114756e-05,3.27326e-05,347290,1
1.5579311677121847e-05,1.5585600000000002e-05,354973,0
1.9334726889555422e-05,2.0784399999999997e-05,360890,0
1.0772301975660433e-05,1.32703e-05,361000,0
1.1185123087650173e-05,1.6096707e-05,362054,0
1.6018338818894563e-05,3.2291e-05,362090,1
1.5740795518116244e-05,3.0625e-05,365393,1
1.6998794396930628e-05,1.20912e-05,366671,0
1.063675902004606e-05,1.576911e-05,369520,0
1.5450108437432532e-05,2.02429e-05,371253,0
1.1492893192914699e-05,1.2295299999999999e-05,371752,0
1.9105796864070187e-05,3.22268e-05,375176,1
1.7693506399680545e-05,3.9696e-05,376075,1
1.726138315189107e-05,2.16383e-05,376537,0
1.8693841443036344e-05,3.13423e-05,378665,1
8.156307236125732e-06,1.549495e-05,378910,0
1.3154968069943486e-05,1.4722200000000001e-05,379374,0
1.0981719920949015e-05,1.17243e-05,379418,0
1.6492469648929868e-05,2.6694e-05,381029,1
1.2710216316494668e-05,1.75147e-05,381328,0
1.4668665557664148e-05,2.9644e-05,382828,1
1.8367801730118108e-05,3.3441999999999996e-05,384108,1
1.629163695385326e-05,3.87302e-05,386923,1
1.0140833407925936e-05,1.13366e-05,391572,0
9.103038214392367e-06,1.962166e-05,392553,0
9.262985786832078e-06,1.9459010000000002e-05,401268,0
1.0968794288540074e-05,1.51722e-05,406288,0
8.920485158548953e-06,1.5210199999999999e-05,408222,0
1.7478882678264757e-05,3.1660000000000005e-05,416121,1
1.4307657472235546e-05,2.81992e-05,418463,1
1.3037147732517055e-05,1.31246e-05,418510,0
1.6590228677622084e-05,3.27379e-05,419258,1
1.3926981390954301e-05,2.26049e-05,419806,0
1.7417493135136783e-05,1.72547e-05,419925,0
1.1411443069327377e-05,1.2213e-05,420103,0
1.802478833365268e-05,3.5778369999999994e-05,421025,1
1.53929724980091e-05,1.36044e-05,421057,0
1.6796079920008708e-05,3.44481e-05,422569,1
1.944464208730302e-05,3.96639e-05,424362,1
9.145803785731805e-06,1.4358e-05,426354,0
9.322237381591873e-06,1.29619e-05,426419,0
1.2542098447634825e-05,1.7928200000000002e-05,428139,0
1.0707170137999407e-05,1.63522e-05,428362,0
1.994687215502523e-05,3.05382e-05,428534,1
2.093659828536483e-05,2.39502e-05,428841,1
1.1247247641745297e-05,2.54132e-05,428942,1
1.4914534139891283e-05,1.55051e-05,429526,0
1.867812193725705e-05,3.7553e-05,431948,1
1.0066343721443367e-05,1.84788e-05,435271,0
1.927346917748706e-05,3.2882e-05,435661,1
1.7496313512073026e-05,2.22258e-05,436593,0
2.0551643517415943e-05,4.0237999999999997e-05,441924,1
1.2358772467235064e-05,1.0450000000000002e-05,443289,0
1.547867398329875e-05,3.4793000000000004e-05,443786,1
1.6589403621261644e-05,2.802493e-05,445474,1
1.6242575949989515e-05,1.75264e-05,449623,0
1.2250454620386073e-05,1.47794e-05,451933,0
1.4450201196735584e-05,1.68656e-05,452825,0
1.3102335931001059e-05,1.9701799999999998e-05,453749,0
1.1142352526727756e-05,2.26553e-05,454238,0
1.7670985284203616e-05,3.01582e-05,454906,1
8.141524640287232e-06,1.9720500000000002e-05,455793,0
1.0513377305374802e-05,1.1780599999999999e-05,460365,0
1.5288372488881902e-05,1.85035e-05,460796,0
1.4313151194094664e-05,1.810549e-05,462165,0
1.1609349717736124e-05,1.12467e-05,465183,0
1.3320565661538602e-05,1.4988799999999998e-05,466893,0
8.086784265055538e-06,1.21944e-05,472917,0
1.0768839825560282e-05,1.3858e-05,473111,0
6.957485115873295e-06,1.49022e-05,477007,0
1.8336740097521888e-05,1.83138e-05,477348,0
1.0810593071320137e-05,8.5694e-06,477392,0
9.865009262542804e-06,1.7075600000000003e-05,479018,0
1.7464561491960895e-05,3.4355e-05,480607,1
1.7861415165846963e-05,3.4617000000000004e-05,482320,1
1.0990618048376944e-05,1.1711999999999999e-05,484585,0
1.2802570006837817e-05,2.17822e-05,485126,0
1.4647983892217184e-05,1.56169e-05,487677,0
1.9797559983917313e-05,3.5688e-05,487889,1
1.2878673738738455e-05,2.1633099999999998e-05,493273,0
1.3964688095751856e-05,1.645e-05,493983,0
1.1530877545273372e-05,1.32407e-05,494900,0
1.2882978096710647e-05,1.75423e-05,496201,0
1.0512908063817382e-05,1.4699999999999998e-05,497864,0
1.155713773048509e-05,1.70663e-05,499334,0
1.2606368554697941e-05,1.62716e-05,500574,0
1.1166983938702934e-05,2.1501799999999998e-05,507874,0
1.6412941566118264e-05,2.9347e-05,508267,1
1.0018421272940976e-05,1.2561599999999998e-05,514141,0
7.910447041391729e-06,1.769144e-05,515532,0
1.108567273177063e-05,1.4191799999999999e-05,517416,0
1.950227425642395e-05,2.35377e-05,519018,1
9.317231740806477e-06,1.45056e-05,519062,0
1.2571553901022936e-05,1.33262e-05,521318,0
1.3940712992823367e-05,2.9794e-05,524131,1
1.0443578114602883e-05,1.7949199999999997e-05,531000,0
1.1185612015760918e-05,1.23415e-05,533052,0
1.6800203978234966e-05,3.9302e-05,533950,1
1.0789914218783086e-05,2.228823e-05,535636,0
1.5451374604180786e-05,2.4495999999999997e-05,536080,1
1.2777006678821514e-05,1.64927e-05,536679,0
1.6151754854445672e-05,2.060703e-05,536739,0
1.68761217163208e-05,1.77478e-05,541338,0
1.4935926432027538e-05,1.66742e-05,546072,0
1.3193984456427677e-05,1.58759e-05,550665,0
1.0958247428538257e-05,1.26366e-05,551489,0
1.61176651080401e-05,1.59528e-05,555817,0
1.0644789985992748e-05,9.3366e-06,560263,0
1.0532716611450947e-05,1.89464e-05,560600,0
1.0916181530713582e-05,2.65617e-05,567645,1
1.1512466948284591e-05,1.70337e-05,570042,0
1.479263798277994e-05,2.3021e-05,570712,0
1.7049262130143877e-05,1.91932e-05,574365,0
8.626241277904677e-06,1.9471299999999998e-05,574785,0
1.0425028435724008e-05,2.41574e-05,575995,0
1.0302855601428288e-05,1.2544300000000001e-05,576349,0
1.3147502545647525e-05,2.26247e-05,578052,0
1.01957593396661e-05,1.52969e-05,579170,0
1.1364707110468862e-05,1.33676e-05,580450,0
1.7508986805272793e-05,3.2545e-05,580733,1
1.0675457393538804e-05,1.4618870000000001e-05,582311,0
1.9150719658640658e-05,2.0135e-05,582825,0
1.6063197265488045e-05,2.8476e-05,583606,1
1.2629732759136069e-05,1.64686e-05,590524,0
1.755880595134461e-05,3.7017699999999996e-05,591205,1
1.3669162274491368e-05,1.8126341999999998e-05,591349,0
1.1271270145524217e-05,2.2708e-05,591890,0
1.6442407151173202e-05,2.99345e-05,592343,1
1.5154253455479367e-05,1.80726e-05,592875,0
1.0176277490914402e-05,1.7043e-05,598791,0
1.2485670264030296e-05,1.1092192e-05,612408,0
1.510133246757747e-05,2.9060799999999998e-05,613870,1
1.8304527668138326e-05,2.966e-05,617858,1
9.19111789479165e-06,9.613000000000001e-06,619732,0
9.410332511800854e-06,1.77205e-05,620377,0
1.6030915049209975e-05,3.71795e-05,620915,1
1.5029061774399431e-05,1.89668e-05,624281,0
1.5190974748938281e-05,9.015300000000002e-06,624313,0
1.0343154152558517e-05,1.1598399999999999e-05,624391,0
1.2853557643309242e-05,1.98334e-05,626285,0
9.728480838130679e-06,1.8028400000000002e-05,626962,0
9.508359436565314e-06,1.87136e-05,629611,0
1.769517608517066e-05,1.66285e-05,631630,0
1.1290563589033376e-05,1.1107e-05,631681,0
1.4932914191546895e-05,2.03063e-05,634730,0
9.407698727124066e-06,1.7552900000000003e-05,637301,0
1.8029104227934595e-05,3.8548e-05,638899,1
8.835093879869537e-06,1.2229000000000001e-05,640040,0
1.0907764550953837e-05,1.6288900000000003e-05,640795,0
1.2595035491216767e-05,1.84216e-05,641013,0
9.045724698770395e-06,2.04772e-05,644093,0
1.4857547151478176e-05,2.58228e-05,646468,1
8.808367010296666e-06,1.3043999999999999e-05,653136,0
1.1564489467889044e-05,1.2664700000000001e-05,658844,0
1.8002972694746696e-05,1.7868279999999998e-05,660207,0
8.680829414643557e-06,1.4755000000000002e-05,672255,0
1.8655962755208926e-05,1.63809e-05,679430,0
1.88457458709745e-05,4.1228000000000006e-05,683837,1
1.1840860560236872e-05,2.0323039999999998e-05,686187,0
1.3534384512065284e-05,2.4122700000000002e-05,686864,1
1.6343485831835857e-05,3.624084e-05,689818,1
1.0066834507533266e-05,1.52725e-05,690756,0
1.7042599577818764e-05,2.126193e-05,691600,0
1.5693831936766456e-05,1.13446e-05,691643,0
1.3885928994181207e-05,1.4222300000000001e-05,695792,0
1.436109042373878e-05,2.4573000000000003e-05,696261,1
1.1463910638839867e-05,2.02327e-05,698650,0
1.3756005387023086e-05,2.1069199999999998e-05,699941,0
1.2468802980609322e-05,2.20835e-05,703391,0
1.1371214016207505e-05,1.2857399999999998e-05,703433,0
9.733239565317524e-06,1.43829e-05,704128,0
9.350801739072225e-06,2.14695e-05,709905,0
1.4351586813176027e-05,1.99559e-05,710716,0
9.855129386411971e-06,1.4728100000000002e-05,716770,0
8.680528936056282e-06,2.18427e-05,717322,0
1.2589665820590518e-05,1.54689e-05,719994,0
9.049084363707202e-06,1.59232e-05,727315,0
8.482674608080989e-06,1.42441e-05,735028,0
9.780998280040412e-06,1.5255799999999999e-05,735974,0
9.573101868583555e-06,1.3936899999999999e-05,738263,0
1.5208780550809064e-05,1.4137199999999999e-05,740379,0
1.6223923125457e-05,2.9357306e-05,760996,1
1.2261025864449842e-05,1.21364e-05,761040,0
1.680034969817045e-05,2.764e-05,764512,1
1.1582914369367899e-05,1.5078299999999998e-05,772383,0
9.774110843618297e-06,1.3276900000000002e-05,773857,0
1.6743796793008176e-05,2.33169e-05,775233,1
8.708331012329975e-06,1.4542599999999999e-05,778615,0
1.1243207863806085e-05,1.27878e-05,793943,0
1.2030662560829777e-05,1.28973e-05,794431,0
1.2480441781565165e-05,1.30685e-05,797479,0
1.5110142649406469e-05,1.97478e-05,801326,0
1.4877478333522751e-05,2.36601e-05,803952,1
1.846801476943864e-05,3.05636e-05,809788,1
1.096999123349961e-05,1.0578000000000001e-05,816471,0
1.6575112888297197e-05,2.498668e-05,818511,1
1.807084569986824e-05,2.4829999999999998e-05,823718,1
8.315890448372175e-06,1.58018e-05,824760,0
8.981125804669244e-06,1.21573e-05,826066,0
1.5791256073484555e-05,2.33598e-05,833421,1
8.90804764365884e-06,2.18115e-05,835828,0
1.4678714929081728e-05,1.34274e-05,838213,0
1.5307092634841286e-05,2.1535299999999997e-05,839621,0
1.5643174696830636e-05,1.5225e-05,844689,0
1.699009661303341e-05,3.2144e-05,850706,1
1.637333414577872e-05,3.19452e-05,854617,1
1.8592608927672365e-05,3.38391e-05,857223,1
1.1680696310783318e-05,1.2577299999999999e-05,857481,0
9.381805086476171e-06,1.57274e-05,858788,0
9.20800740204593e-06,1.2767e-05,868283,0
1.072817153936793e-05,1.2544300000000001e-05,871016,0
1.841506184338806e-05,3.799e-05,872501,1
1.3055816383270305e-05,1.52979e-05,876417,0
1.8769088994858757e-05,2.08396e-05,876861,0
9.43312079321409e-06,1.48447e-05,883824,0
8.854601237931744e-06,1.2586000000000001e-05,884037,0
1.0723847736252413e-05,1.793546e-05,893040,0
1.54680472716032e-05,1.4769899999999999e-05,900419,0
1.1023754009532e-05,1.67645e-05,904146,0
1.2803940613955437e-05,1.69286e-05,910010,0
1.6984838410092425e-05,1.3391490000000001e-05,910184,0
1.7356267914863415e-05,2.28579e-05,915537,1
1.3964116814299936e-05,1.0033e-05,915579,0
1.355357592569554e-05,1.4565500000000001e-05,915757,0
1.4586868877976448e-05,1.26708e-05,920403,0
1.0730438020020087e-05,1.1926500000000002e-05,920439,0
8.837060254237586e-06,1.5121999999999999e-05,931686,0
1.4649528886483135e-05,2.9289e-05,936613,1
1.3773083138225722e-05,2.0138000000000003e-05,941327,0
1.623189425497643e-05,1.58268e-05,943371,0
1.198579093842145e-05,1.48635e-05,943429,0
2.1653541660168525e-05,2.85639e-05,949867,1
1.4087614489822918e-05,1.0510999999999998e-05,949910,0
1.5358308408837972e-05,3.6043999999999996e-05,951296,1
1.0987147924523115e-05,2.15072e-05,952467,0
1.447093146574371e-05,1.6639500000000002e-05,957277,0
1.2565967137154374e-05,1.19324e-05,957314,0
1.4475350962997169e-05,1.96053e-05,960567,0
9.953238419787152e-06,1.38034e-05,961874,0
9.87561980296897e-06,1.754444e-05,962955,0
1.3101663795196256e-05,1.57549e-05,966340,0
1.620109221925326e-05,1.23443e-05,972604,0
1.699099238853973e-05,3.2675e-05,974005,1
1.804532615592375e-05,2.9227900000000002e-05,976398,1
1.278999383039921e-05,1.95309e-05,980926,0
1.2542555912323878e-05,9.5476e-06,990254,0
8.76336406923183e-06,1.6806200000000002e-05,998163,0
1.3231962939106607e-05,2.8683e-05,1005560,1
1.762586934555208e-05,3.6195e-05,1008533,1
1.353380733389502e-05,3.05618e-05,1008795,1
9.874162869297205e-06,1.54996e-05,1009465,0
1.571741491591551e-05,1.3440079999999999e-05,1012902,0
1.923165713211617e-05,2.7893e-05,1022360,1
1.6499640438525745e-05,3.74153e-05,1023948,1
9.05817618639746e-06,1.2686e-05,1027231,0
1.4136143695378528e-05,1.97519e-05,1032158,0
1.157581237155515e-05,1.773126e-05,1033959,0
1.7043708119109515e-05,1.99346e-05,1034018,0
9.355694413836755e-06,1.4809899999999999e-05,1034066,0
1.7832437174319543e-05,2.1025e-05,1040606,0
1.8282013189273386e-05,3.0497000000000003e-05,1042655,1
1.471258185852819e-05,1.730137e-05,1043930,0
1.8086294981699673e-05,3.4187e-05,1046102,1
1.2096946734102849e-05,1.34523e-05,1046338,0
1.4622860615715574e-05,1.69932e-05,1048415,0
1.5665855592818447e-05,1.699895e-05,1053261,0
1.7834297838666283e-05,1.64702e-05,1056115,0
1.5363081364447198e-05,2.12634e-05,1057907,0
1.6043351021691655e-05,1.573e-05,1063379,0
1.55271338583782e-05,2.6902e-05,1069962,1
9.53978818470884e-06,1.39401e-05,1081859,0
1.1237851089025215e-05,2.4495000000000002e-05,1083095,1
1.730015610040633e-05,3.4379000000000004e-05,1105245,1
1.3897645422331473e-05,1.08596e-05,1117194,0
1.0519604297825162e-05,1.17401e-05,1128060,0
1.3643818061174514e-05,1.55565e-05,1134139,0
1.7308426736910065e-05,3.01314e-05,1137813,1
8.280447619653397e-06,1.790544e-05,1141242,0
9.76492821393555e-06,1.54787e-05,1145286,0
1.0415745134135915e-05,1.612e-05,1146314,0
1.8876379360307206e-05,2.06648e-05,1151396,0
8.581278449781048e-06,1.31729e-05,1154405,0
1.0290833020532938e-05,2.052981e-05,1156804,0
8.992091800439605e-06,1.45892e-05,1157991,0
1.0939222742270349e-05,1.684816e-05,1162739,0
1.9121153141947774e-05,1.8530700000000002e-05,1164418,0
1.7930595550212725e-05,1.71892e-05,1164451,0
8.882661544308057e-06,1.43217e-05,1165454,0
1.6515280760748885e-05,2.2101199999999998e-05,1165809,0
1.4428995830336064e-05,1.1339000000000001e-05,1167059,0
1.3837537629992647e-05,1.2876e-05,1170247,0
1.2049572494937291e-05,2.40371e-05,1170370,0
1.020173867283058e-05,1.66292e-05,1171297,0
1.0765760500070735e-05,2.10901e-05,1179610,0
1.0193667266000785e-05,2.0661e-05,1181877,0
8.469676797328418e-06,1.7077113000000002e-05,1203179,0
1.2637068509828328e-05,1.6672e-05,1204339,0
1.5737024330798337e-05,1.5081800000000002e-05,1204604,0
1.0405336444107806e-05,1.17396e-05,1205130,0
9.03175956758471e-06,2.02267e-05,1206572,0
1.807138287109933e-05,2.11193e-05,1211247,0
1.7200932496573405e-05,2.483936e-05,1212497,1
1.3445815566928017e-05,2.1935e-05,1220449,0
1.7957517623597157e-05,3.35332e-05,1234094,1
9.136829202220073e-06,1.868256e-05,1241869,0
1.1571633482524824e-05,1.55541e-05,1244709,0
1.4513638731508343e-05,2.4353100000000002e-05,1249482,1
1.636069448343498e-05,2.17318e-05,1265034,0
1.5873730516928597e-05,1.0784e-05,1265069,0
1.7629280204075915e-05,3.30175e-05,1266510,1
1.0886257527726597e-05,2.0932e-05,1270521,0
1.931474468153866e-05,3.775518e-05,1276155,1
9.90848439827638e-06,2.1585199999999998e-05,1277388,0
1.2899376421478822e-05,2.2411e-05,1280304,0
9.377512938050621e-06,1.24405e-05,1281714,0
2.0196541569709188e-05,3.1072e-05,1283130,1
1.4568983226312305e-05,1.4581199999999999e-05,1283161,0
8.717239775400406e-06,1.2942999999999998e-05,1283473,0
1.1752760366748022e-05,1.2403870000000001e-05,1283840,0
1.429921553669216e-05,1.0732000000000002e-05,1284036,0
1.8670320963152824e-05,2.90166e-05,1284121,1
1.7560706809020974e-05,2.24759e-05,1284563,1
1.5464485315335418e-05,2.08494e-05,1287658,0
1.4408772636422278e-05,9.49619e-06,1288940,0
1.175411340508345e-05,1.2739300000000002e-05,1290760,0
1.5031476503442695e-05,1.26614e-05,1293639,0
1.753052226514123e-05,2.9350000000000002e-05,1294723,1
1.1404623526448724e-05,1.2081500000000001e-05,1304465,0
1.1134482889738425e-05,1.41184e-05,1306386,0
1.0965612950870742e-05,1.4292700000000001e-05,1307912,0
9.655065394250146e-06,1.377253e-05,1308249,0
8.795670266164726e-06,1.68362e-05,1308354,0
1.930335061210078e-05,3.8484e-05,1311335,1
1.535164527910868e-05,1.4231199999999999e-05,1320706,0
8.630789276339807e-06,1.4603000000000002e-05,1322394,0
1.8395612036225244e-05,1.6325600000000002e-05,1326778,0
1.3055333335624022e-05,1.44983e-05,1326826,0
1.0617092819569043e-05,1.29043e-05,1329495,0
9.500190991173901e-06,1.1369300000000001e-05,1330013,0
1.0531994125986815e-05,1.23226e-05,1330099,0
1.6743501600295478e-05,1.6637499999999998e-05,1335201,0
1.7703185412289386e-05,3.4924999999999995e-05,1339629,1
1.648856883740034e-05,3.3775e-05,1341468,1
1.5563590427107423e-05,1.52355e-05,1344867,0
8.676201896557464e-06,1.62711e-05,1345637,0
7.748414062269138e-06,1.62937e-05,1364112,0
1.6304331721315993e-05,1.80328e-05,1366953,0
1.2040877818501144e-05,1.201703e-05,1368298,0
1.3205717015609975e-05,1.7241900000000002e-05,1369098,0
1.5511318052619036e-05,1.79042e-05,1371698,0
1.2037639526183934e-05,1.81957e-05,1372087,0
1.507799299910106e-05,2.5043e-05,1384317,1
1.5504305324054213e-05,1.6792400000000002e-05,1390887,0
1.1755814059769997e-05,1.8409799999999998e-05,1394887,0
1.9755324333191695e-05,3.47944e-05,1399272,1
1.759026616178376e-05,2.412935e-05,1401349,1
8.496670778072736e-06,1.2765300000000001e-05,1402363,0
1.5015744974455793e-05,2.66233e-05,1402642,1
1.4736310476994257e-05,2.4408e-05,1410340,1
1.0290147150620536e-05,1.4994900000000001e-05,1410393,0
1.514527140850176e-05,2.6527e-05,1411216,1
1.3957579004913175e-05,1.65493e-05,1415677,0
1.5584127238635554e-05,1.35467e-05,1419213,0
9.97511613719032e-06,1.64936e-05,1420101,0
1.7278276362531072e-05,2.0057099999999998e-05,1422144,0
1.5327720622268483e-05,1.19349e-05,1422185,0
1.3523065168546885e-05,1.51368e-05,1423976,0
1.3853975220159731e-05,1.4824e-05,1424019,0
1.3527838697121507e-05,1.2561099999999999e-05,1424427,0
1.3849393494677542e-05,1.55198e-05,1427701,0
8.939466343230197e-06,1.74597e-05,1437947,0
1.3547921907716397e-05,2.03153e-05,1453214,0
1.8632884631027208e-05,2.51895e-05,1454444,1
1.089446248290451e-05,2.04654e-05,1473556,0
9.422104579639659e-06,1.49992e-05,1478892,0
1.0480579047145832e-05,1.3474000000000002e-05,1480420,0
1.943165858105471e-05,1.39247e-05,1481157,0
9.997175042557437e-06,1.64767e-05,1481898,0
1.383134679590852e-05,1.23609e-05,1484436,0
1.5188032841774328e-05,1.422414e-05,1489027,0
2.13200666336173e-05,3.7181e-05,1489457,1
1.717690521757333e-05,1.89018e-05,1492473,0
1.0997234635844443e-05,1.7219e-05,1496654,0
1.0365932426457209e-05,1.80739e-05,1499350,0
8.661230191521872e-06,1.081e-05,1500591,0
9.307409854925364e-06,1.65241e-05,1503217,0
1.3890416364625528e-05,1.63566e-05,1503317,0
1.2939179126055801e-05,1.61534e-05,1507522,0
1.4855239387663442e-05,2.57722e-05,1513512,1
1.810874105966105e-05,3.10173e-05,1514687,1
1.6063771215871392e-05,2.2388499999999997e-05,1515853,0
9.84292577117909e-06,1.8372130000000002e-05,1524120,0
9.5892430858958e-06,1.52277e-05,1525907,0
9.373083171371569e-06,1.57485e-05,1526909,0
1.9542949266558226e-05,3.44357e-05,1527984,1
1.1077448039277488e-05,9.403800000000001e-06,1528036,0
1.9274311341720097e-05,2.06683e-05,1531802,0
1.6426140009360417e-05,2.19132e-05,1537304,0
1.3221580598436081e-05,1.67206e-05,1543513,0
1.0701137779586927e-05,1.1551e-05,1544627,0
1.1220644643840586e-05,1.7898600000000002e-05,1548282,0
8.889993176143153e-06,1.56428e-05,1549014,0
1.9513588112479534e-05,2.2855700000000002e-05,1552596,1
9.383083999866775e-06,2.2648e-05,1559099,0
8.830054607526256e-06,1.72446e-05,1563412,0
1.8496383138147053e-05,2.073558e-05,1566531,0
9.84166029440776e-06,1.3980999999999999e-05,1571057,0
9.937728116248445e-06,1.3966000000000001e-05,1574275,0
1.769219065690896e-05,1.55829e-05,1574514,0
1.786903371398356e-05,1.64125e-05,1577788,0
1.2394096040932863e-05,1.77405e-05,1579417,0
1.1621142550086333e-05,1.26147e-05,1579471,0
1.712090066968112e-05,2.9221e-05,1579947,1
1.4626455510867093e-05,1.8465e-05,1581943,0
1.3056789027395898e-05,1.8851e-05,1583069,0
1.0288660235791952e-05,1.6802999999999998e-05,1587587,0
1.0601911030012608e-05,1.78527e-05,1599111,0
8.787777741919314e-06,1.3111e-05,1600098,0
1.5079581387599648e-05,1.59869e-05,1604805,0
1.0257358842932992e-05,1.58169e-05,1612604,0
1.120742422363097e-05,1.4028e-05,1613390,0
1.1881814467397383e-05,1.67346e-05,1618573,0
1.88580408030161e-05,3.68647e-05,1623045,1
1.0179871326688778e-05,1.58079e-05,1624701,0
1.3938452885825163e-05,2.7026599999999996e-05,1624745,1
1.8303653578578408e-05,2.7430900000000002e-05,1634277,1
9.455033540189938e-06,1.14485e-05,1634316,0
1.578626325771512e-05,1.5984e-05,1636645,0
1.0274455164287942e-05,1.20996e-05,1641449,0
1.6835596249228377e-05,3.16891e-05,1643804,1
9.349646676231439e-06,1.3654e-05,1644922,0
1.8095419504447997e-05,3.13528e-05,1647272,1
1.0751690899583571e-05,1.6065599999999997e-05,1647975,0
1.8929206822417033e-05,3.286022e-05,1648511,1
1.1473386329925612e-05,9.5447e-06,1649492,0
1.0499723032946305e-05,1.77879e-05,1651428,0
1.4624880709207261e-05,1.495057e-05,1654869,0
9.593384419334167e-06,1.3843599999999999e-05,1658713,0
1.080100376025745e-05,1.1768e-05,1659637,0
1.85686873671272e-05,3.4589000000000004e-05,1672191,1
1.0289351365024554e-05,8.0375e-06,1673281,0
1.554015837220643e-05,2.6852200000000004e-05,1674177,1
1.5747980849390952e-05,3.14998e-05,1674794,1
1.1390012729242222e-05,1.201688e-05,1675364,0
1.461373225705407e-05,2.289e-05,1696882,0
1.7193151944293576e-05,1.72985e-05,1698737,0
9.76828331157164e-06,1.4074299999999998e-05,1724982,0
1.7156348907452324e-05,1.6136999999999998e-05,1727644,0
1.106950136040145e-05,2.23529e-05,1730287,0
1.790879885560351e-05,2.98408e-05,1731946,1
8.900930670549725e-06,1.65006e-05,1732575,0
8.33535116493084e-06,1.7651099999999998e-05,1733359,0
1.4403827118526948e-05,1.74883e-05,1734138,0
1.8513268849235707e-05,3.288e-05,1734360,1
1.2192058432008336e-05,1.6385e-05,1734773,0
1.7522716552540508e-05,3.06705e-05,1735022,1
1.6550049742557765e-05,2.39922e-05,1736719,1
2.1120859501275952e-05,3.6378700000000005e-05,1737227,1
1.637724517848276e-05,2.9032000000000003e-05,1738553,1
1.6086099450212796e-05,2.6379799999999998e-05,1739538,1
1.3321533343320637e-05,1.52801e-05,1742723,0
1.154166738826389e-05,1.2229300000000002e-05,1744258,0
1.2730792262204827e-05,2.8165e-05,1745547,1
1.6576908012750627e-05,3.24621e-05,1746302,1
1.7745756721548938e-05,1.54642e-05,1747100,0
1.5427922620646592e-05,3.49933e-05,1747891,1
1.2615831627465152e-05,1.67879e-05,1750960,0
1.5264659154893904e-05,1.1651250000000001e-05,1751663,0
1.775766586203148e-05,4.01105e-05,1752514,1
9.093905292269467e-06,1.54599e-05,1754611,0
1.5195809632816711e-05,1.4811199999999998e-05,1755348,0
1.6954123969740768e-05,3.5465e-05,1755541,1
1.838664435119664e-05,3.5791900000000005e-05,1756225,1
1.1962805636568433e-05,1.4051299999999999e-05,1756360,0
1.7990823504741706e-05,3.2491e-05,1757783,1
9.607544917954683e-06,2.03392e-05,1759776,0
1.7613859079252836e-05,3.6042470000000004e-05,1759998,1
1.338015558205941e-05,2.3293000000000002e-05,1760454,0
1.0765243805975462e-05,1.7136e-05,1762652,0
1.5366760728156553e-05,3.1405e-05,1764222,1
1.0946433323542106e-05,1.41831e-05,1765506,0
1.1720018474063557e-05,1.60657e-05,1765790,0
1.7213180802049035e-05,3.2804999999999995e-05,1766562,1
1.8344842325683774e-05,4.0539e-05,1771325,1
1.785251688898449e-05,3.70703e-05,1773277,1
1.1522951663693773e-05,1.20257e-05,1775239,0
1.0866362892570478e-05,1.3103799999999998e-05,1775449,0
1.5680447833570275e-05,3.09413e-05,1779958,1
1.3771763364954294e-05,1.0500400000000002e-05,1779994,0
1.1192596733004073e-05,1.0796000000000001e-05,1781374,0
1.4370346973995926e-05,1.286575e-05,1781554,0
1.0571740249153957e-05,2.8414e-05,1782068,1
9.505643972419745e-06,1.7160200000000002e-05,1782662,0
1.6845207346211888e-05,2.68545e-05,1782933,1
9.22040026800778e-06,1.59085e-05,1783279,0
1.0065714818490907e-05,1.3037e-05,1784819,0
1.2380666087949078e-05,1.50546e-05,1785703,0
1.136714023650791e-05,1.42388e-05,1787085,0
8.722991085378708e-06,1.5086499999999999e-05,1787923,0
1.088659915302196e-05,1.4083300000000001e-05,1788583,0
1.5421633202951552e-05,1.38781e-05,1789143,0
1.590113017633793e-05,1.473703e-05,1790785,0
1.1157495777184185e-05,1.60437e-05,1791440,0
1.6759687827236665e-05,1.53677e-05,1793230,0
1.1839412055433792e-05,1.53796e-05,1793270,0
1.588201108291271e-05,1.200636e-05,1794585,0
1.663122578628512e-05,3.2345e-05,1798235,1
1.2196964516956835e-05,1.24181e-05,1798270,0
1.308977489909192e-05,1.77585e-05,1799367,0
1.0128494638550532e-05,1.4746200000000001e-05,1799733,0
1.6141853249578322e-05,3.0482099999999997e-05,1800952,1
7.90535520130569e-06,1.4203170000000001e-05,1803437,0
8.769956298087974e-06,1.2735499999999999e-05,1804158,0
1.0095914973883013e-05,1.4345999999999998e-05,1804214,0
1.8329505805559444e-05,3.02726e-05,1805323,1
1.0066210166096479e-05,1.31617e-05,1805367,0
1.0129747436527753e-05,1.154e-05,1807160,0
1.1465859971615391e-05,1.4669900000000002e-05,1809784,0
2.0945913351598946e-05,3.8007e-05,1810648,1
9.197410886283939e-06,1.6269799999999998e-05,1810949,0
1.005365762926768e-05,1.65023e-05,1811453,0
1.1984461667401181e-05,1.1551000000000002e-05,1812661,0
1.8186575564413917e-05,3.656e-05,1813311,1
1.2475153292627949e-05,1.65e-05,1813862,0
1.1772473096675029e-05,1.10625e-05,1814692,0
1.4456036336576919e-05,1.68191e-05,1815826,0
1.5760385728305543e-05,3.4643e-05,1816926,1
1.8324645693194465e-05,2.99948e-05,1817509,1
1.2907143861528457e-05,1.59771e-05,1817924,0
9.728456803875444e-06,1.50533e-05,1819627,0
9.065307997137203e-06,1.36439e-05,1820090,0
1.664197428275305e-05,1.61169e-05,1822297,0
1.0956504420458488e-05,1.0296200000000001e-05,1823210,0
1.8010877057397163e-05,2.5875999999999998e-05,1823593,1
1.0337700359965475e-05,1.52883e-05,1823627,0
1.3780331489038362e-05,1.38509e-05,1825376,0
1.7200768451321345e-05,3.1548000000000004e-05,1825530,1
1.6419521415660865e-05,1.56211e-05,1826661,0
1.545353182151836e-05,1.3186e-05,1826694,0
1.0857845652603149e-05,1.30343e-05,1827362,0
1.554615209646e-05,2.7310099999999998e-05,1828241,1
1.66526053535413e-05,1.760208e-05,1829754,0
1.2119582600361587e-05,1.0750200000000001e-05,1829805,0
1.5135049437259e-05,1.80039e-05,1832190,0
1.0487847807268964e-05,1.6409e-05,1833676,0
1.673437941404427e-05,2.8371e-05,1837806,1
1.532416282607647e-05,1.73504e-05,1838646,0
1.5672271895960873e-05,1.7857000000000002e-05,1838688,0
2.1933109444068254e-05,4.10591e-05,1838716,1
1.5161706252777124e-05,2.7519e-05,1839465,1
1.8010346631364053e-05,3.627576e-05,1840958,1
1.451897353104451e-05,1.0913400000000001e-05,1842210,0
1.2684061861131637e-05,1.40598e-05,1842353,0
1.3657597285058545e-05,1.83774e-05,1843577,0
1.6276240830500786e-05,3.01312e-05,1843637,1
1.3275685811676443e-05,1.53718e-05,1844788,0
1.1413436603105832e-05,1.93765e-05,1845127,0
1.5861645927206568e-05,2.0762500000000003e-05,1847048,0
1.170260976968492e-05,1.1460300000000001e-05,1847090,0
1.4591874693700867e-05,2.91198e-05,1848073,1
1.4408045968152633e-05,2.06098e-05,1855630,0
1.1760014127025836e-05,1.4699000000000001e-05,1855730,0
1.8438190222278625e-05,3.0549599999999996e-05,1863911,1
1.0636399429709844e-05,1.39553e-05,1864969,0
1.5801239874966956e-05,3.3621e-05,1865695,1
1.6985740754760544e-05,4.1889e-05,1867883,1
8.449498853783667e-06,1.3834999999999999e-05,1870017,0
9.83393075562678e-06,1.791236e-05,1871114,0
1.7164226977447407e-05,2.5876e-05,1871313,1
1.2774226580014526e-05,1.3645100000000001e-05,1872350,0
1.761102185996317e-05,3.7995e-05,1874305,1
1.525027786038831e-05,2.60513e-05,1879210,1
1.4973594790183284e-05,2.5623e-05,1879860,1
1.9186044748313472e-05,3.1581130000000004e-05,1882870,1
1.0068381071553394e-05,8.0466e-06,1883332,0
1.824704653143873e-05,1.94738e-05,1888861,0
1.9791716138037716e-05,2.9803000000000002e-05,1889681,1
1.0497263941764577e-05,1.83366e-05,1891028,0
1.4306861534628469e-05,1.88936e-05,1893305,0
1.6759905500001494e-05,3.5458100000000005e-05,1894421,1
1.0337064025695278e-05,1.157041e-05,1894900,0
1.4653223141995904e-05,3.39032e-05,1895583,1
1.5149317455132269e-05,8.072090000000001e-06,1895872,0
1.2169721683085204e-05,1.64393e-05,1895925,0
1.191395854539756e-05,1.68719e-05,1896020,0
1.3178275843361275e-05,2.20751e-05,1900914,0
1.2945806408619313e-05,9.913299999999999e-06,1900953,0
1.9007162228460557e-05,3.50105e-05,1902938,1
1.57914447529783e-05,2.3590000000000003e-05,1904745,1
1.5073364898412269e-05,1.33106e-05,1904792,0
1.170770606953653e-05,1.38974e-05,1905388,0
1.732942244682748e-05,3.38686e-05,1905460,1
1.0274842670434836e-05,1.62e-05,1907731,0
1.2788489162575643e-05,1.9413301000000002e-05,1908882,0
9.557538689332413e-06,2.3864e-05,1909518,0
1.2154692526321817e-05,1.51536e-05,1909723,0
1.3462754295647762e-05,1.66954e-05,1912928,0
1.6593675853312628e-05,2.5855999999999998e-05,1915150,1
1.661060431331393e-05,3.55821e-05,1920065,1
1.5357164516130308e-05,3.5484e-05,1921824,1
1.9629514496839922e-05,3.0877400000000004e-05,1922757,1
9.668416755462468e-06,1.39313e-05,1923815,0
1.879996661863492e-05,2.7540600000000002e-05,1925895,1
1.8300748183452707e-05,3.30067e-05,1927013,1
9.947685236490286e-06,1.9485910000000003e-05,1927992,0
1.4167205675793544e-05,3.22116e-05,1928117,1
9.920841437296316e-06,1.33461e-05,1931446,0
9.266631739882505e-06,1.755797e-05,1932674,0
1.6756252992165e-05,2.712967e-05,1934370,1
1.0658869461718155e-05,1.2178e-05,1936235,0
1.4594537937502983e-05,1.29722e-05,1937271,0
1.5201831837482562e-05,2.49716e-05,1939107,1
1.0703852392568546e-05,1.2127000000000001e-05,1939375,0
1.0075360183867726e-05,1.3933e-05,1941728,0
1.86802770211793e-05,3.2897799999999995e-05,1942544,1
1.0962968590297612e-05,1.199e-05,1943767,0
1.6308767189185414e-05,1.6347300000000002e-05,1945204,0
9.445694908423661e-06,1.4119399999999999e-05,1947036,0
2.0395794130840484e-05,3.62159e-05,1947510,1
8.199097634497662e-06,1.5590100000000002e-05,1947832,0
1.5139738386744274e-05,2.3567e-05,1949372,1
1.5445355147421703e-05,2.8704999999999997e-05,1949399,1
1.2338659744498796e-05,1.70787e-05,1949528,0
1.166184375346723e-05,1.54012e-05,1950330,0
1.8792142756144117e-05,1.3737e-05,1952633,0
1.6939018768393393e-05,1.64031e-05,1952669,0
1.9536009142860555e-05,3.0745e-05,1952906,1
7.643578192715099e-06,1.54073e-05,1953541,0
1.3830237206588762e-05,1.25408e-05,1953686,0
1.569771081482705e-05,1.69116e-05,1955588,0
9.033799345435281e-06,1.62102e-05,1955696,0
8.372468911111658e-06,1.0852e-05,1960136,0
1.4037705975026781e-05,2.6053369999999998e-05,1960349,1
2.1548402975161884e-05,3.0917299999999996e-05,1965445,1
1.891072596392071e-05,1.2799540000000001e-05,1966944,0
1.2045485693099521e-05,1.47191e-05,1970581,0
1.1701013198570106e-05,1.79214e-05,1973762,0
1.03568524014835e-05,1.3956499999999998e-05,1974051,0
1.2001749297994629e-05,2.24141e-05,1974988,0
1.7159167856716644e-05,1.729628e-05,1976305,0
1.0211965684051239e-05,1.5838665e-05,1977079,0
1.8276447816448195e-05,2.9952199999999998e-05,1981243,1
1.5082956629289675e-05,1.65319e-05,1981427,0
8.78533748386799e-06,9.9199e-06,1983941,0
1.9874731383197857e-05,2.9214000000000002e-05,1984499,1
1.1658587722622625e-05,1.5474999999999997e-05,1984606,0
1.7667055899595325e-05,3.1682e-05,1987040,1
1.6784287615710556e-05,2.9984899999999998e-05,1990070,1
1.0056998551221674e-05,1.3938999999999998e-05,1990776,0
7.783623159754223e-06,2.1075099999999997e-05,1991881,0
1.8435213080187943e-05,3.90623e-05,1992696,1
1.853614580595919e-05,3.8466e-05,1994685,1
1.0171485975930968e-05,1.78529e-05,1994795,0
9.983558266236937e-06,1.59149e-05,1997686,0
1.7772444298599e-05,2.79916e-05,1998628,1
1.7244751543629192e-05,3.6633e-05,2003661,1
1.6859102810244102e-05,1.77356e-05,2004081,0
9.949254266746576e-06,1.1855e-05,2004211,0
1.7474608456351498e-05,1.91885e-05,2005219,0
1.6304469578534492e-05,1.4994400000000002e-05,2005255,0
9.994475733184483e-06,1.46808e-05,2005604,0
1.474543301915336e-05,3.0846299999999996e-05,2009332,1
1.5792992167902175e-05,3.0688e-05,2011300,1
1.555804797199389e-05,2.11899e-05,2013810,0
9.955137962779854e-06,1.2425e-05,2014525,0
1.6365129676413914e-05,3.09815e-05,2016103,1
1.3483765259674186e-05,1.59469e-05,2018129,0
9.87064218777805e-06,1.6148300000000003e-05,2019589,0
1.1102807851661487e-05,1.53331e-05,2021838,0
1.1764008312698943e-05,1.63941e-05,2024741,0
1.1857484143981185e-05,1.78504e-05,2025352,0
1.3550660384524084e-05,1.0102800000000001e-05,2027331,0
1.86404536880174e-05,3.7129e-05,2028762,1
1.674495191307233e-05,1.72955e-05,2030649,0
1.661228275073775e-05,3.5228499999999997e-05,2031254,1
1.1908202215886177e-05,1.58304e-05,2035444,0
1.4651219370265952e-05,8.6367e-06,2036061,0
1.722566411838331e-05,2.02182e-05,2037201,0
1.7817400471144774e-05,2.72943e-05,2039640,1
8.246507763903003e-06,1.76713e-05,2041187,0
1.3319073269595397e-05,1.69073e-05,2041485,0
8.359302053122602e-06,1.65151e-05,2042384,0
1.9702372715146725e-05,2.99086e-05,2043294,1
1.0217540576183277e-05,9.808899999999999e-06,2046356,0
9.872990667512359e-06,1.6273200000000002e-05,2046710,0
1.6268703340576912e-05,3.0795e-05,2047558,1
9.785574282066377e-06,1.3837500000000001e-05,2047730,0
1.5611769650373883e-05,2.5279e-05,2048561,1
1.1631528327521825e-05,9.481e-06,2048664,0
9.240743145525782e-06,1.2012000000000001e-05,2054388,0
1.0136837252746971e-05,1.08613e-05,2057011,0
1.1102927184082212e-05,1.37117e-05,2059905,0
1.860031431587513e-05,2.42568e-05,2060732,1
1.5123069531336161e-05,1.38465e-05,2061643,0
1.2591964255993622e-05,8.046899999999999e-06,2062328,0
1.3202594588471178e-05,1.58224e-05,2062497,0
1.5555170759113632e-05,3.153669e-05,2066419,1
1.616466957503048e-05,2.18852e-05,2067306,0
1.8394605044625963e-05,4.0359e-05,2069399,1
1.6359433051834057e-05,1.4178e-05,2069948,0
1.532540044705914e-05,1.94469e-05,2072050,0
9.56757691200287e-06,1.69521e-05,2072376,0
1.185176405425861e-05,1.52392e-05,2072424,0
1.6510882257811895e-05,1.88618e-05,2074558,0
8.947971815225629e-06,1.4905399999999998e-05,2074748,0
1.3129461217339136e-05,1.1534099999999999e-05,2078897,0
2.010449203416074e-05,3.96173e-05,2079874,1
1.528857707276614e-05,3.2663199999999996e-05,2081543,1
9.50211567880289e-06,1.32255e-05,2087410,0
9.395480126987825e-06,1.833699e-05,2093202,0
1.7267193955782078e-05,2.51075e-05,2094942,1
9.904260238878373e-06,1.39457e-05,2095430,0
1.4089423300301371e-05,2.651911e-05,2095693,1
1.8654028903603463e-05,3.2337e-05,2099878,1
2.0950424697731997e-05,3.4019999999999996e-05,2103819,1
9.507534679131684e-06,1.7077799999999998e-05,2106381,0
1.5159158958530016e-05,2.6238100000000002e-05,2106425,1
1.895708931831326e-05,3.48066e-05,2107052,1
1.7059480108921332e-05,2.156e-05,2110227,0
1.2478809035261476e-05,1.2410000000000001e-05,2110267,0
1.187763099409575e-05,1.39696e-05,2110549,0
9.443778375191064e-06,1.4076400000000001e-05,2113308,0
9.28065623675571e-06,1.9206200000000003e-05,2122091,0
9.798410651292676e-06,9.992e-06,2122150,0
1.6543907902060705e-05,1.2961999999999999e-05,2123039,0
1.3521102238640613e-05,9.77384e-06,2123078,0
1.783454149781537e-05,2.7122229999999998e-05,2123744,1
1.0296402860072205e-05,1.4154300000000001e-05,2124002,0
1.8919516925849232e-05,3.86592e-05,2125106,1
1.4709868758915493e-05,1.5128299999999999e-05,2127118,0
1.074739773416162e-05,1.16814e-05,2127364,0
1.9073068222670343e-05,3.4349000000000006e-05,2128274,1
1.2410554139483372e-05,1.7418500000000003e-05,2128580,0
1.750817165639424e-05,2.58693e-05,2129688,1
1.847892427111213e-05,1.56572e-05,2131422,0
1.4119467318371305e-05,2.6022000000000003e-05,2137520,1
1.843484768151562e-05,2.9869999999999997e-05,2140655,1
1.0799940374137825e-05,1.9422479999999998e-05,2144311,0
9.581911435631558e-06,1.932521e-05,2148416,0
9.940448113530887e-06,1.494729e-05,2148690,0
1.8142242285932738e-05,2.5388e-05,2148734,1
1.0154849158542974e-05,1.2071e-05,2151729,0
1.7556368136757856e-05,3.643e-05,2153618,1
1.4045810036554785e-05,1.4043000000000004e-05,2156216,0
1.1945258342124707e-05,1.2644600000000001e-05,2156857,0
1.747545947049878e-05,1.8465900000000002e-05,2161600,0
1.110631946907166e-05,1.67896e-05,2163269,0
1.774219459128784e-05,3.4349599999999994e-05,2164098,1
7.459315021708595e-06,1.2263999999999998e-05,2164542,0
1.4383770726171289e-05,1.36381e-05,2170168,0
1.559479266697112e-05,1.3956e-05,2174224,0
1.1242231658557795e-05,1.4457100000000001e-05,2177038,0
1.8925996631096687e-05,2.709809e-05,2178712,1
1.5980632309149457e-05,2.8807299999999998e-05,2180668,1
1.652120575735005e-05,3.6530000000000004e-05,2182608,1
1.077672682763386e-05,1.1858400000000002e-05,2183890,0
7.828413898656248e-06,1.64139e-05,2198834,0
1.4914800088789729e-05,2.8385e-05,2202302,1
1.4754986706865105e-05,2.4993099999999996e-05,2203620,1
1.8513862360477736e-05,2.74116e-05,2203671,1
8.932484018461089e-06,1.60218e-05,2208315,0
1.9109858361732505e-05,3.301e-05,2220777,1
2.0133334044480792e-05,3.9283e-05,2221168,1
1.7623376021287197e-05,2.3984e-05,2221382,1
9.89191457296472e-06,1.14187e-05,2222563,0
8.896083970836043e-06,1.85999e-05,2223156,0
1.864823741887025e-05,3.9968283e-05,2225321,1
9.293418037970018e-06,1.3826599999999999e-05,2227043,0
1.7415768248223475e-05,3.46257e-05,2234019,1
2.0085892548898646e-05,3.5796999999999996e-05,2234999,1
1.4099269311979268e-05,1.3242e-05,2235036,0
1.5742588065180698e-05,2.5098899999999998e-05,2235665,1
1.0809603339857808e-05,1.3735e-05,2237917,0
2.03063401319713e-05,1.40373e-05,2238066,0
1.5211848567560784e-05,2.78265e-05,2240304,1
1.2282606948135797e-05,1.19657e-05,2245013,0
9.86088075455666e-06,1.1014699999999998e-05,2250330,0
9.884102742269486e-06,1.429409e-05,2254016,0
1.044107309249189e-05,1.5502999999999997e-05,2259396,0
1.9797002918589263e-05,3.5224e-05,2263885,1
1.6506635567291336e-05,1.2118399999999999e-05,2267044,0
1.1551343257143e-05,2.06864e-05,2268754,0
1.5647218132454422e-05,1.92188e-05,2269633,0
1.2530257620096126e-05,9.4154e-06,2270384,0
1.7077149863758853e-05,2.9502000000000003e-05,2278048,1
1.5955843549262267e-05,1.67541e-05,2278974,0
1.8427641694568848e-05,3.8136310000000004e-05,2282185,1
1.7115209128568427e-05,1.80397e-05,2282509,0
1.860296314715406e-05,3.74517e-05,2288426,1
1.7470346048578736e-05,3.2234e-05,2290553,1
1.5104041550867129e-05,3.48401e-05,2294909,1
2.0192090906378517e-05,2.07765e-05,2296139,0
1.1043237372250029e-05,1.3597300000000001e-05,2298180,0
9.020349019325172e-06,1.71038e-05,2300869,0
1.3010639578223566e-05,1.4878300000000001e-05,2309999,0
1.3608161322636475e-05,1.4483199999999999e-05,2310768,0
8.844216363208613e-06,1.44056e-05,2311584,0
1.266360766486783e-05,1.4716299999999998e-05,2313026,0
1.5234040809650598e-05,1.33299e-05,2320746,0
1.3341125527579706e-05,1.1281100000000001e-05,2320788,0
8.816130926581827e-06,1.32304e-05,2321683,0
1.5990151978542138e-05,2.1373e-05,2328447,0
1.3769469868448887e-05,1.86909e-05,2332741,0
1.031204050369935e-05,1.4186000000000001e-05,2334838,0
1.3946417063218518e-05,1.0975e-05,2336482,0
1.3688273814260211e-05,3.24095e-05,2343489,1
1.1512497601526243e-05,1.02336e-05,2343634,0
1.5815615394558486e-05,1.66845e-05,2344815,0
1.3434425924510678e-05,2.5997999999999997e-05,2346584,1
1.2243193305056787e-05,1.3982e-05,2348267,0
9.779488961768934e-06,1.43325e-05,2351663,0
1.6593131903442194e-05,2.9468000000000003e-05,2353774,1
9.726337949801688e-06,1.85949e-05,2354180,0
9.657865600731869e-06,1.7546e-05,2356547,0
1.02937882091652e-05,1.66569e-05,2361504,0
1.7973779777005406e-05,3.04914e-05,2373599,1
8.578231580140216e-06,1.51549e-05,2376018,0
1.7655456212883283e-05,1.569906e-05,2379414,0
1.5477767261493127e-05,1.184024e-05,2379447,0
1.076105840058692e-05,1.08091e-05,2381777,0
1.0124359870392141e-05,1.5110300000000002e-05,2382940,0
1.1263998581076413e-05,2.06213e-05,2390479,0
1.5238965539783338e-05,2.9404000000000002e-05,2390904,1
1.365633054213075e-05,1.2218200000000001e-05,2391480,0
1.371203541573654e-05,1.37088e-05,2398713,0
1.4303317798098016e-05,2.8127e-05,2399744,1
1.763122859379357e-05,3.4466e-05,2402171,1
1.8473780147445567e-05,2.10115e-05,2409469,0
9.378092626407003e-06,1.97955e-05,2411364,0
1.521323818898272e-05,1.3117899999999999e-05,2416327,0
1.3912414476368122e-05,2.082549e-05,2417585,0
7.895967503333574e-06,2.12079e-05,2418867,0
1.9336266727088112e-05,3.8419e-05,2425122,1
1.5577796854098765e-05,1.98953e-05,2426829,0
1.5354820718070445e-05,2.83334e-05,2428423,1
7.922700157739611e-06,1.7783499999999997e-05,2428775,0
9.676165958259408e-06,1.1821e-05,2430722,0
1.6129919755663437e-05,3.3114e-05,2435719,1
9.326473938468879e-06,1.669701e-05,2444136,0
1.213349076061202e-05,1.20245e-05,2450958,0
1.1266617551661923e-05,1.90242e-05,2454629,0
1.6611913156402992e-05,2.5301e-05,2460497,1
1.3951886384075427e-05,1.6875700000000002e-05,2461596,0
8.59409791159776e-06,1.5591700000000002e-05,2475280,0
9.664324976672689e-06,1.196993e-05,2486472,0
9.247628474866202e-06,1.31694e-05,2491461,0
1.5196185544935747e-05,1.60981e-05,2495651,0
9.74275181179872e-06,2.115739e-05,2498320,0
1.038143977403813e-05,1.69817e-05,2506412,0
1.8978854337307178e-05,3.3886999999999996e-05,2507000,1
1.1776008940154525e-05,1.4287799999999999e-05,2513091,0
1.5203548121943299e-05,2.5293699999999998e-05,2524933,1
9.11292210260333e-06,1.96101e-05,2535324,0
1.5337134814330386e-05,2.4770000000000002e-05,2543075,1
1.4872693473489449e-05,1.84402e-05,2544152,0
1.9175526691030702e-05,2.01428e-05,2547599,0
8.465722038965174e-06,1.74818e-05,2550355,0
1.524128036156801e-05,1.2483900000000001e-05,2552236,0
9.410395327175336e-06,1.96794e-05,2554307,0
8.843358912288273e-06,1.2298700000000001e-05,2557928,0
1.1256551517326724e-05,1.26187e-05,2561125,0
8.309532545618258e-06,1.77245e-05,2574716,0
1.5117472673077935e-05,1.87992e-05,2575604,0
1.7593392634608443e-05,1.8391800000000002e-05,2577128,0
1.3251051291900322e-05,1.401649e-05,2581429,0
1.488358809916227e-05,1.85277e-05,2582879,0
1.4446833276456584e-05,1.52982e-05,2584924,0
9.037854738265426e-06,1.53501e-05,2585115,0
1.4300915178683472e-05,1.7214600000000003e-05,2590480,0
1.1143077859323028e-05,1.55935e-05,2596300,0
1.8075863784743337e-05,3.10952e-05,2599477,1
1.8491428883419864e-05,3.4277e-05,2603029,1
1.5946940180928563e-05,3.6167e-05,2604632,1
1.2590052657306853e-05,2.0545750000000002e-05,2615794,0
1.4756263882935582e-05,1.86663e-05,2619450,0
1.4295591294379443e-05,1.5074099999999999e-05,2624181,0
9.899606593771279e-06,1.64141e-05,2628848,0
1.8396622023106957e-05,1.5759e-05,2651907,0
9.086547306740971e-06,1.3018000000000001e-05,2655739,0
9.819529883380438e-06,1.60899e-05,2663541,0
1.62515486373529e-05,1.92741e-05,2664205,0
1.0370288885048696e-05,1.88478e-05,2667148,0
1.2371155535510477e-05,2.2449e-05,2669137,0
1.959365815591478e-05,3.69944e-05,2670994,1
8.195854218019304e-06,1.85496e-05,2676539,0
1.1108461329489872e-05,1.65689e-05,2677040,0
1.2672485631020223e-05,1.4290899999999999e-05,2677709,0
1.236071389290514e-05,2.09171e-05,2680025,0
1.5639908544891434e-05,2.8741e-05,2696301,1
9.260891545136885e-06,1.76524e-05,2697474,0
1.610811109439781e-05,1.445254e-05,2705633,0
1.4413731814025986e-05,1.511e-05,2705730,0
1.0320539681153578e-05,1.31972e-05,2710112,0
8.798886203865873e-06,1.63203e-05,2712922,0
9.821696340770654e-06,2.10364e-05,2713689,0
9.687241175115329e-06,1.8423399999999997e-05,2714291,0
1.3297679837846594e-05,1.8017890000000002e-05,2714469,0
1.689617881840624e-05,2.14229e-05,2718349,0
9.609067372354912e-06,1.2874300000000001e-05,2719550,0
9.714851916021623e-06,1.34907e-05,2724552,0
1.690571884474784e-05,2.03042e-05,2730645,0
1.447748661954506e-05,7.7596e-06,2730683,0
1.4209988417728155e-05,1.70594e-05,2732568,0
1.4141743178686533e-05,2.14249e-05,2734892,0
1.691381782344399e-05,2.3530499999999998e-05,2741343,1
1.6003492685003854e-05,1.3484000000000002e-05,2742195,0
1.3069580462750059e-05,2.35454e-05,2743016,0
1.7736745017585765e-05,3.616e-05,2743458,1
1.7327496100014305e-05,2.49324e-05,2745039,1
1.1592613246703154e-05,1.4656100000000002e-05,2750196,0
8.051978166893688e-06,1.64713e-05,2751911,0
1.2090419697975144e-05,1.165511e-05,2758569,0
8.956161711251119e-06,1.2630900000000001e-05,2763887,0
1.0831133205770409e-05,1.7016e-05,2771584,0
1.4705707199057816e-05,3.33947e-05,2775224,1
8.962514367219538e-06,1.62719e-05,2775267,0
2.0036682237342916e-05,2.1926e-05,2775841,1
1.0581304379945049e-05,1.43805e-05,2776536,0
1.5007502395682036e-05,1.3223999999999999e-05,2782019,0
1.4507402507862629e-05,1.6130900000000002e-05,2787635,0
1.0342962361360473e-05,1.4747800000000001e-05,2790515,0
1.5995110340297617e-05,4.0411e-05,2791155,1
1.3219876853795632e-05,8.0697e-06,2792134,0
1.6537595140157134e-05,3.0021e-05,2793751,1
1.561016544773602e-05,3.133e-05,2796753,1
9.301083192533233e-06,1.1037399999999999e-05,2796866,0
1.3921601463897296e-05,1.35912e-05,2799793,0
9.358138862736787e-06,1.38819e-05,2804199,0
9.08470135231132e-06,1.1538300000000001e-05,2805548,0
8.706005229661398e-06,2.12851e-05,2808255,0
1.539669566890948e-05,2.84075e-05,2814310,1
1.26358064537515e-05,1.29928e-05,2816628,0
1.4589785339020474e-05,2.94166e-05,2816979,1
8.881622858007846e-06,1.34382e-05,2817076,0
1.2159944812177562e-05,1.1643e-05,2827462,0
1.1176990882777559e-05,2.0694000000000002e-05,2829691,0
9.834850965660041e-06,1.1718e-05,2834607,0
1.2746636954098906e-05,1.79566e-05,2838599,0
1.390042280198868e-05,3.0426e-05,2840940,1
1.6711502541354267e-05,1.6557501e-05,2843108,0
1.0357900231187061e-05,1.16025e-05,2845462,0
9.933587715331737e-06,1.26616e-05,2848684,0
1.1043271973608888e-05,2.6518999999999998e-05,2851321,1
1.1457291708586672e-05,2.3409300000000003e-05,2851546,0
1.4730162888144755e-05,1.5150899999999998e-05,2863426,0
1.3340390253389873e-05,1.057341e-05,2866128,0
1.0960109719605595e-05,1.5100599999999999e-05,2866361,0
1.105957455007563e-05,1.0481000000000002e-05,2867504,0
1.0128701900126491e-05,1.1231e-05,2879753,0
1.0276858797020075e-05,1.6323e-05,2879963,0
1.531907246981198e-05,1.77599e-05,2880816,0
1.55979543985679e-05,2.88519e-05,2881885,1
1.0653348487793865e-05,1.2135799999999998e-05,2882814,0
1.736223349105314e-05,2.2632799999999998e-05,2883502,1
1.4960911752225606e-05,1.442869e-05,2883541,0
1.0337674693928625e-05,1.1715099999999999e-05,2885289,0
1.449613402822512e-05,2.92853e-05,2886628,1
1.7436721920099994e-05,3.4738e-05,2887915,1
1.221896490382917e-05,1.688197e-05,2896294,0
1.0157291644817283e-05,1.2023e-05,2897929,0
1.0134138993470367e-05,1.4254000000000001e-05,2898683,0
1.2071125259038984e-05,1.5093700000000001e-05,2908878,0
1.676996769529565e-05,2.98814e-05,2913987,1
1.6974978109160032e-05,3.0587e-05,2915882,1
1.1053148830131913e-05,2.0301099999999998e-05,2916205,0
1.764210864333139e-05,1.4143e-05,2917187,0
1.4334695856472384e-05,1.6495e-05,2919577,0
1.6806490703403598e-05,2.23131e-05,2923914,0
1.784991823015989e-05,2.13107e-05,2931719,0
1.0302638283980092e-05,1.0112e-05,2932332,0
1.304490876942658e-05,1.3671799999999998e-05,2932481,0
9.209366714321215e-06,1.31517e-05,2941918,0
1.720411568090585e-05,3.3059099999999997e-05,2945436,1
1.7211431557222533e-05,3.7046e-05,2946290,1
1.2217104957664457e-05,1.83028e-05,2946524,0
1.8521898997054243e-05,3.6659e-05,2947497,1
1.5298445735475854e-05,2.89204e-05,2949050,1
8.215622875331979e-06,1.40964e-05,2949360,0
1.1586371850294631e-05,1.63122e-05,2950621,0
9.806433455775947e-06,1.40632e-05,2950855,0
1.2839940621918493e-05,1.6161e-05,2951324,0
1.110027738122547e-05,1.282669e-05,2951721,0
1.1503760435546144e-05,1.8378799999999998e-05,2953736,0
1.1916401970190719e-05,1.57552e-05,2953907,0
1.4822180776510484e-05,2.3582e-05,2957594,1
9.003366686554752e-06,2.15279e-05,2958467,0
2.030119866201398e-05,3.7971e-05,2958992,1
1.8771439688604513e-05,3.6824e-05,2961669,1
9.216466645910997e-06,1.2183600000000001e-05,2962477,0
1.7059050993168998e-05,3.2398e-05,2963787,1
1.069273793221978e-05,1.20989e-05,2965337,0
9.259179250989959e-06,1.4689100000000001e-05,2966128,0
1.1811004166107525e-05,1.654e-05,2966207,0
1.7965568719518326e-05,3.3335300000000006e-05,2967358,1
1.756751770729288e-05,3.3650000000000005e-05,2968677,1
1.02701676043238e-05,1.69975e-05,2972830,0
1.1461190513377498e-05,1.32451e-05,2973417,0
1.4624847477588937e-05,2.53316e-05,2975042,1
1.591327033054172e-05,2.01248e-05,2975734,0
1.0417508130987447e-05,2.16972e-05,2976167,0
1.714522630551964e-05,3.08585e-05,2976691,1
1.848286066050563e-05,3.85752e-05,2977855,1
8.622044551805362e-06,1.4014e-05,2979123,0
9.878965149438229e-06,1.4673399999999999e-05,2982097,0
1.3352223900430431e-05,1.6964200000000003e-05,2983029,0
1.0970752949049918e-05,1.87743e-05,2984114,0
1.010472288087213e-05,1.48343e-05,2985365,0
1.844325410017847e-05,3.2781000000000003e-05,2986659,1
1.191970331373355e-05,1.808e-05,2989103,0
1.775174551155001e-05,2.9693000000000002e-05,2990468,1
1.2430981695374083e-05,1.1638935e-05,2990505,0
1.0841888639740369e-05,1.3481699999999998e-05,2991638,0
1.0619656813900285e-05,1.4449999999999999e-05,2994248,0
1.0067479858799743e-05,1.56342e-05,2996737,0
1.604321277675889e-05,3.22633e-05,2999726,1
1.5118343867417483e-05,2.89071e-05,3005698,1
9.037827278541061e-06,1.49455e-05,3008866,0
1.8911768982324756e-05,3.0172000000000002e-05,3008979,1
1.4684062687494363e-05,3.0354e-05,3010108,1
1.2592468321170542e-05,2.72086e-05,3010735,1
1.0863131174685923e-05,1.84898e-05,3011650,0
1.0506697739825462e-05,2.0148099999999998e-05,3012334,0
2.1755020963624307e-05,3.1470800000000004e-05,3012368,1
1.645483466862245e-05,1.53987e-05,3013110,0
1.059095830893287e-05,1.64628e-05,3013865,0
1.1795200477487741e-05,1.82549e-05,3014600,0
1.0727957059735857e-05,1.3988e-05,3014714,0
1.2832663032499775e-05,1.14185e-05,3015746,0
9.283949044538068e-06,1.71248e-05,3016444,0
9.366438802288889e-06,1.67227e-05,3020994,0
1.4574391656327803e-05,1.1511400000000001e-05,3021449,0
1.5221715721994282e-05,1.4765999999999999e-05,3022109,0
1.3252660941155516e-05,1.518573e-05,3023820,0
9.359471672330642e-06,1.846311e-05,3023984,0
1.6520357890902296e-05,3.2221499999999996e-05,3024609,1
1.81513911016701e-05,3.03263e-05,3026114,1
1.5882300872745827e-05,3.2323e-05,3028882,1
2.083169459444797e-05,1.7517000000000002e-05,3029510,0
1.2467107916785972e-05,1.0371000000000001e-05,3029561,0
1.1954179812351899e-05,1.397e-05,3031109,0
1.570833992385147e-05,1.72133e-05,3031641,0
9.696713212236474e-06,1.42578e-05,3031915,0
1.4333713358549318e-05,1.94397e-05,3032405,0
9.91539211252166e-06,1.05226e-05,3032458,0
1.4672913480786877e-05,2.97156e-05,3035751,1
1.315185009222208e-05,1.2050000000000002e-05,3037842,0
9.537441118068e-06,1.3690700000000001e-05,3039054,0
1.6146316867071282e-05,2.08647e-05,3039955,0
1.1766356530257234e-05,1.4412999999999999e-05,3040883,0
1.4341177404154203e-05,1.1971800000000001e-05,3041970,0
1.3860264651607527e-05,2.18301e-05,3043855,0
1.054751176944173e-05,2.31659e-05,3047012,0
9.179384426276763e-06,1.5101599999999998e-05,3048478,0
1.0618546423008834e-05,1.71964e-05,3050075,0
1.1532240833679887e-05,1.622162e-05,3051113,0
1.1851446158011483e-05,1.16206e-05,3051738,0
1.0596527463354717e-05,1.86416e-05,3052158,0
1.1948497367507312e-05,8.042000000000002e-06,3052245,0
1.0574070705748918e-05,1.93363e-05,3054488,0
1.2566277308744262e-05,1.76164e-05,3057450,0
1.0951101903459306e-05,1.1130699999999998e-05,3058283,0
2.0242558542367553e-05,3.4022999999999996e-05,3062119,1
1.540052847485984e-05,2.3167099999999997e-05,3064125,1
1.906103015036468e-05,3.4593e-05,3065196,1
1.9713967291112936e-05,4.0237e-05,3066164,1
9.428420556740503e-06,1.49529e-05,3066279,0
1.0865727367103057e-05,2.0236700000000002e-05,3066605,0
1.7020627976576108e-05,2.9041400000000003e-05,3068515,1
9.222518734581049e-06,1.568e-05,3069854,0
1.0107263944906655e-05,1.78302e-05,3070801,0
8.612207702559587e-06,1.66682e-05,3073281,0
1.0344774160531079e-05,1.46536e-05,3073665,0
1.4838185362108218e-05,1.757504e-05,3074463,0
1.6107631514486768e-05,3.37e-05,3076327,1
1.1087279621010448e-05,1.3018e-05,3076589,0
9.722045113018e-06,2.3977800000000003e-05,3077742,0
1.570968202229109e-05,1.781973e-05,3078395,0
1.1083573174060545e-05,1.57441e-05,3079668,0
1.302482751030571e-05,2.08537e-05,3083842,0
2.0532880899318197e-05,2.70045e-05,3084064,1
1.3588915057015777e-05,1.6376e-05,3084115,0
9.58296587341755e-06,1.8651300000000002e-05,3087471,0
1.6776562572503224e-05,2.0644400000000002e-05,3090060,0
1.6477019143334465e-05,3.16014e-05,3093731,1
9.268314408736747e-06,1.60714e-05,3095817,0
1.4322792376377182e-05,1.52813e-05,3099143,0
1.1781237689534273e-05,1.293e-05,3100097,0
1.548921091693733e-05,3.2775e-05,3104454,1
8.366068071108858e-06,1.91128e-05,3104647,0
1.9081609248195394e-05,1.93809e-05,3104844,0
1.640766519596405e-05,1.4303000000000002e-05,3104889,0
1.3806297098804188e-05,1.311145e-05,3105225,0
1.3128061028851742e-05,2.9857e-05,3105317,1
1.0781493549859817e-05,1.4290600000000002e-05,3105607,0
9.316229607273541e-06,1.44537e-05,3105913,0
1.2734765794152885e-05,1.76524e-05,3106107,0
1.786796296230106e-05,3.4934e-05,3106960,1
1.4600914384504705e-05,1.022053e-05,3107970,0
9.684013290161466e-06,1.2990000000000001e-05,3108073,0
1.534641570684929e-05,1.62463e-05,3111052,0
1.803112025835937e-05,3.8162000000000005e-05,3115024,1
1.324505031719483e-05,2.1227e-05,3115454,0
1.6966147186883527e-05,3.06392e-05,3115945,1
1.166184146894455e-05,1.4042e-05,3118186,0
1.925329215813673e-05,3.28578e-05,3118498,1
1.2978988290293213e-05,1.5008920000000001e-05,3118533,0
9.856164345994957e-06,1.20803e-05,3120554,0
1.2056168058870142e-05,1.6506e-05,3123190,0
1.1429034291410789e-05,2.07378e-05,3123304,0
1.041068563418815e-05,1.65934e-05,3124257,0
2.3871944259097852e-05,4.9347e-05,3126716,1
2.013550277426016e-05,1.79329e-05,3126750,0
1.2008475259512374e-05,1.51698e-05,3129263,0
1.0947244675803509e-05,1.0398e-05,3132535,0
1.5105159246861834e-05,1.28252e-05,3132778,0
1.0409890903386035e-05,8.144000000000002e-06,3135261,0
1.24142655545417e-05,1.21113e-05,3138199,0
8.947069030168657e-06,1.3164984999999999e-05,3140935,0
1.6705204935092527e-05,2.9958800000000002e-05,3141125,1
8.502769210050858e-06,1.5972000000000002e-05,3142096,0
1.3200457484820994e-05,1.4888899999999999e-05,3143310,0
1.7039555614379413e-05,3.5286899999999996e-05,3143869,1
1.783973754341383e-05,3.014948e-05,3145033,1
1.2411136334994392e-05,1.1595e-05,3145069,0
1.1770159090290874e-05,1.456e-05,3148854,0
1.8758829289166294e-05,3.8233e-05,3152034,1
1.2285176818079711e-05,1.4174299999999999e-05,3154822,0
1.98767752904827e-05,3.08806e-05,3157718,1
1.6353922823961453e-05,1.95059e-05,3159116,0
1.2979979448359857e-05,1.74679e-05,3159337,0
9.090102011199004e-06,1.3526e-05,3159662,0
1.4512073289087456e-05,7.688999999999999e-06,3160744,0
1.7323494406682396e-05,1.62021e-05,3162438,0
1.2235556766604595e-05,1.73318e-05,3163736,0
8.96527720082748e-06,1.5123600000000002e-05,3164119,0
9.864484473231647e-06,1.5090599999999999e-05,3165095,0
8.348330338434485e-06,1.51322e-05,3166028,0
1.057906726387162e-05,2.016266e-05,3167175,0
1.6427503470130553e-05,2.4732e-05,3168136,1
1.5069089117344788e-05,9.6227e-06,3168661,0
1.870577986672003e-05,3.4162e-05,3169602,1
1.6893046099500403e-05,3.37753e-05,3171893,1
1.0509754297737957e-05,1.2707699999999999e-05,3174221,0
1.01364400756989e-05,1.2745719999999999e-05,3180156,0
9.930203365004783e-06,1.73807e-05,3185135,0
1.844711609373577e-05,3.4560999999999997e-05,3186573,1
9.75228074643833e-06,1.80491e-05,3189350,0
1.4124060800209423e-05,2.220014e-05,3191985,0
9.43889730504062e-06,1.5110999999999998e-05,3192741,0
8.829408656312965e-06,1.63936e-05,3193800,0
8.310251636230696e-06,1.60264e-05,3193928,0
1.1399137367570327e-05,1.55099e-05,3194801,0
1.2908260384860059e-05,1.1078e-05,3196445,0
1.0684713825445325e-05,1.4175900000000001e-05,3196791,0
1.1495685559136928e-05,1.50084e-05,3197506,0
1.846265820489788e-05,1.96355e-05,3197744,0
1.1982645000189716e-05,1.4141499999999998e-05,3198773,0
1.6222959147604834e-05,2.61478e-05,3198866,1
1.749058921969881e-05,3.1574e-05,3199980,1
1.4125552575170768e-05,2.8550000000000003e-05,3200774,1
1.1747488309654437e-05,1.19168e-05,3201051,0
1.879456616366701e-05,3.6471e-05,3201717,1
1.0417550580597875e-05,1.47868e-05,3202112,0
9.841070409812445e-06,1.42089e-05,3203851,0
8.72587281957799e-06,1.1283299999999997e-05,3204371,0
9.325725855074984e-06,1.59895e-05,3205545,0
1.6829576661668013e-05,1.60507e-05,3210185,0
9.55823893211513e-06,2.02287e-05,3210900,0
1.9102813255655555e-05,3.746788e-05,3211749,1
1.0464749455636865e-05,1.51e-05,3212061,0
1.6211345435053088e-05,2.91963e-05,3213757,1
1.2892746404305528e-05,2.8514e-05,3215909,1
1.6422335219544285e-05,2.9397199999999997e-05,3216881,1
1.1158980230656812e-05,1.2963e-05,3217110,0
1.7905189117374717e-05,3.10456e-05,3219420,1
1.657699104012463e-05,3.2888e-05,3223862,1
1.8285696919705297e-05,3.1100500000000005e-05,3225138,1
1.429069774095837e-05,1.1227000000000001e-05,3225368,0
1.2810320050639456e-05,1.72024e-05,3225407,0
1.2398718166202028e-05,1.26422e-05,3225949,0
1.7869090956040284e-05,3.2112999999999996e-05,3226039,1
1.1343368878926394e-05,1.09241e-05,3227438,0
1.4904551101815619e-05,2.20522e-05,3227876,0
1.2445495576290818e-05,1.06418e-05,3228054,0
1.9879406453442267e-05,3.79337e-05,3229503,1
8.899393835902915e-06,1.54196e-05,3229698,0
9.28403759881083e-06,1.11726e-05,3230207,0
1.569793973904818e-05,2.93591e-05,3231471,1
1.589075410225303e-05,2.8171000000000002e-05,3233473,1
1.5486662027066963e-05,2.8733099999999998e-05,3234636,1
1.8404164750784943e-05,3.6138e-05,3235603,1
1.2086759083373674e-05,1.73949e-05,3236399,0
1.735468724427446e-05,3.12692e-05,3236902,1
8.935700082385225e-06,1.2006999999999999e-05,3242512,0
8.83673347774563e-06,1.2680200000000001e-05,3243871,0
9.997436390765904e-06,1.38203e-05,3244601,0
1.8332410878431254e-05,3.36514e-05,3245141,1
8.676081205475664e-06,1.3405000000000001e-05,3246126,0
8.896923734034101e-06,1.82058e-05,3248041,0
1.1027862622133464e-05,1.50783e-05,3248249,0
1.1316865004211076e-05,1.0247199999999999e-05,3250468,0
1.1984785881555023e-05,1.41172e-05,3251985,0
1.591671131231809e-05,3.0729000000000003e-05,3257837,1
9.078281211416348e-06,1.2013e-05,3261539,0
1.3328605929105336e-05,1.1281e-05,3262248,0
1.4419800931670516e-05,3.0482800000000002e-05,3264472,1
1.2213465591728901e-05,1.89507e-05,3266093,0
1.5067974235963414e-05,1.95578e-05,3267164,0
1.4080137047643515e-05,1.3885899999999999e-05,3267402,0
1.5765889852020322e-05,2.0360300000000002e-05,3267717,0
1.0747316509259481e-05,1.9061000000000003e-05,3269535,0
1.1081164153748928e-05,1.597135e-05,3271882,0
9.431147417831646e-06,1.3964099999999999e-05,3274301,0
1.2582884683109635e-05,1.3942099999999998e-05,3276637,0
1.5359197203738107e-05,1.78413e-05,3278895,0
1.948841286168791e-05,1.92562e-05,3279829,0
1.742223762053185e-05,1.2861e-05,3279868,0
1.22985728356634e-05,1.58746e-05,3284389,0
1.7780475028304384e-05,2.0845e-05,3284475,0
1.5493987791340316e-05,9.2117e-06,3284512,0
1.6397053178200232e-05,2.06118e-05,3288121,0
1.4925112452856504e-05,2.20156e-05,3290761,0
1.0424583832822925e-05,1.0666000000000001e-05,3291284,0
1.5225215165626946e-05,2.99873e-05,3292120,1
2.2153083158395767e-05,3.7152e-05,3294421,1
1.4798686025700507e-05,2.97201e-05,3295813,1
1.5727509519439512e-05,2.08743e-05,3296700,0
1.1581174043729444e-05,1.7959400000000003e-05,3297306,0
1.1908408654606665e-05,2.6631199999999997e-05,3298780,1
1.4459987750009595e-05,2.0824e-05,3300232,0
1.0852801338445312e-05,1.757897e-05,3302660,0
9.83139852109407e-06,1.4174499999999998e-05,3303635,0
1.3487548562081078e-05,2.24178e-05,3304346,0
1.270626462047416e-05,2.41232e-05,3305847,1
1.1950051507221716e-05,1.23739e-05,3306988,0
1.504950694290853e-05,3.2110600000000004e-05,3323266,1
1.1365404169354938e-05,1.66059e-05,3323322,0
1.0093869494906267e-05,1.67668e-05,3324684,0
9.790323214093693e-06,1.50778e-05,3324852,0
1.4329630493036365e-05,3.18871e-05,3326112,1
1.7690259613835134e-05,1.76384e-05,3326288,0
1.120044268705954e-05,1.8808e-05,3327856,0
1.0769290911418384e-05,1.74082e-05,3329213,0
1.0944307322659184e-05,9.631449999999999e-06,3331934,0
2.1689578269406767e-05,3.2477e-05,3332543,1
1.694253936501132e-05,3.46945e-05,3334765,1
1.2865175287830295e-05,1.1834300000000001e-05,3335302,0
9.586672518495492e-06,1.7062e-05,3336028,0
1.2118018039178742e-05,1.60218e-05,3336102,0
1.3853193619156203e-05,2.49701e-05,3340396,1
1.751111945021225e-05,2.2314e-05,3344070,0
1.283953361501661e-05,9.809e-06,3344119,0
1.8623396386298287e-05,3.38269e-05,3345110,1
1.1043510860594344e-05,1.1552899999999999e-05,3345740,0
1.0392545042749176e-05,1.54574e-05,3346657,0
1.719755214657951e-05,2.9291400000000002e-05,3350400,1
1.7495844221482754e-05,1.9706e-05,3350434,0
1.0214634988743547e-05,1.56865e-05,3354425,0
8.180248840062406e-06,1.47796e-05,3355438,0
1.9392520907646356e-05,3.53886e-05,3355494,1
1.8233097853819983e-05,1.8654300000000002e-05,3356241,0
1.6531934114993023e-05,2.7519e-05,3356801,1
1.6715911447730493e-05,3.07138e-05,3358303,1
1.0518439298763417e-05,1.39864e-05,3358484,0
9.049971714902582e-06,1.86149e-05,3359221,0
1.5755523328583946e-05,1.42156e-05,3360400,0
1.5281013004054788e-05,1.45842e-05,3360436,0
1.2709366874820013e-05,1.89606e-05,3362170,0
1.4216387414483587e-05,1.87738e-05,3364489,0
1.568577381480179e-05,2.97652e-05,3365372,1
1.592800276322627e-05,2.6311000000000003e-05,3365823,1
1.0281841934784176e-05,1.51826e-05,3365930,0
1.2208292070172617e-05,1.19903e-05,3366208,0
1.0743264647068561e-05,1.9749599999999998e-05,3367089,0
1.3819619508253249e-05,1.6231900000000003e-05,3367590,0
1.726183157295586e-05,2.8594e-05,3368709,1
1.1921539747843491e-05,9.622227e-06,3371342,0
1.531979952215821e-05,2.82491e-05,3372121,1
1.1952890911037221e-05,1.2963000000000001e-05,3372611,0
8.28244689682905e-06,1.4967100000000001e-05,3373298,0
1.881261739211086e-05,3.1124199999999996e-05,3373427,1
1.9225438061074712e-05,3.23827e-05,3374325,1
1.1136056665885639e-05,1.25189e-05,3374963,0
8.333216891380918e-06,1.24814e-05,3377916,0
9.521389070506978e-06,1.4371100000000002e-05,3378875,0
1.990398538112248e-05,3.37005e-05,3383549,1
9.601245076597896e-06,1.4380999999999998e-05,3389273,0
1.0003305443147104e-05,1.37743e-05,3389390,0
8.638427329211573e-06,1.5242399999999998e-05,3392312,0
1.3050338651012632e-05,1.22282e-05,3394717,0
1.1466991560831533e-05,1.1925999999999999e-05,3399712,0
1.8742559728241273e-05,1.91236e-05,3404053,0
1.343075484320827e-05,1.0015999999999999e-05,3404101,0
9.049040796843777e-06,1.84958e-05,3410435,0
1.1314866816432675e-05,1.10492e-05,3410778,0
1.6038788684536226e-05,1.65669e-05,3415994,0
1.0943528739180297e-05,1.3187500000000002e-05,3416037,0
1.0194950031428122e-05,2.03287e-05,3416863,0
1.6762510923336587e-05,3.2613999999999996e-05,3418483,1
1.5821202781153925e-05,1.3697400000000002e-05,3419666,0
9.685537202847252e-06,1.5841399999999997e-05,3420624,0
1.0567023716747932e-05,1.5121000000000001e-05,3422763,0
1.792708915986541e-05,1.91223e-05,3423302,0
1.174908427395208e-05,1.3717100000000001e-05,3423356,0
1.0905073217420533e-05,1.5210199999999999e-05,3423438,0
1.152659947554279e-05,1.5824899999999998e-05,3429731,0
1.6323262917152397e-05,3.0515599999999996e-05,3432022,1
1.6633023639921704e-05,3.3919e-05,3433364,1
1.2382634952213221e-05,2.11298e-05,3434720,0
1.726956276505026e-05,2.84211e-05,3437912,1
1.2161928014087624e-05,1.35201e-05,3438072,0
9.631048350035023e-06,2.03526e-05,3438130,0
1.6253648758090538e-05,3.0981e-05,3439065,1
1.4912246323244271e-05,2.76867e-05,3442735,1
9.564683316051503e-06,1.0984400000000001e-05,3445411,0
1.584298567649218e-05,3.3135e-05,3445662,1
1.612861208961241e-05,3.0424e-05,3447628,1
1.721145154226909e-05,3.1988e-05,3448928,1
1.1572209805316096e-05,1.81825e-05,3449233,0
1.6018319895508918e-05,1.3265e-05,3452550,0
9.888381809842199e-06,1.0643e-05,3452599,0
1.4527397598849181e-05,1.4518e-05,3455330,0
1.7795484675494697e-05,1.7162799999999998e-05,3456188,0
1.0799968646501376e-05,1.6353199999999998e-05,3456250,0
1.0930969292430586e-05,1.36206e-05,3456672,0
2.3345156309634182e-05,2.8550000000000003e-05,3458114,1
1.326292612882203e-05,2.4863e-05,3458876,1
1.3367288248720109e-05,1.06206e-05,3458916,0
1.1380593861840416e-05,1.59921e-05,3461608,0
1.542977527938175e-05,1.8211e-05,3462240,0
1.6701390260012686e-05,3.20189e-05,3463173,1
1.0590619854426007e-05,1.47984e-05,3464531,0
1.4340182007969392e-05,3.04181e-05,3465161,1
1.3710956676503844e-05,1.76538e-05,3465972,0
1.8641675422608983e-05,3.4742e-05,3466281,1
9.218037273643821e-06,1.44864e-05,3468622,0
9.050483075718846e-06,1.4630099999999999e-05,3468959,0
9.824920775057311e-06,1.4588200000000002e-05,3470103,0
1.2781553938333134e-05,9.3755e-06,3472903,0
1.993541332379083e-05,3.00683e-05,3480862,1
8.859532805964868e-06,1.2824499999999999e-05,3481160,0
8.976740036946721e-06,1.6577500000000002e-05,3482524,0
1.7396077412426618e-05,3.05565e-05,3484038,1
1.7512990737767736e-05,3.0003e-05,3486022,1
1.1048331662226391e-05,1.4396900000000001e-05,3487735,0
1.4130348137785408e-05,1.59093e-05,3488810,0
1.511851541579728e-05,1.29689e-05,3488854,0
1.3682178248946882e-05,2.93308e-05,3489043,1
8.598210641167696e-06,1.4671900000000001e-05,3489588,0
1.1008702929504021e-05,1.45284e-05,3491657,0
1.2266990926763903e-05,1.0956000000000001e-05,3492683,0
1.4164611192280338e-05,1.189278e-05,3492963,0
1.064793234694787e-05,1.4915999999999999e-05,3495675,0
9.732134987188344e-06,1.26749e-05,3498379,0
9.828928960898992e-06,1.49196e-05,3499301,0
1.6525739902759824e-05,1.3904e-05,3499384,0
1.1257701285120055e-05,1.71256e-05,3499682,0
1.469594745995902e-05,1.3475799999999999e-05,3501214,0
1.5038694496503462e-05,3.4145999999999995e-05,3502081,1
1.0774996667851372e-05,1.8114499999999997e-05,3502798,0
1.558628054415925e-05,2.31974e-05,3504202,1
1.5920916833994402e-05,1.5732400000000002e-05,3505748,0
1.6880953129185512e-05,1.5081999999999999e-05,3505787,0
1.2691625190254534e-05,1.055e-05,3507620,0
1.3539557569257627e-05,9.500000000000002e-06,3509305,0
1.0763576352431675e-05,1.1803199999999999e-05,3509423,0
1.6162152550910908e-05,1.95442e-05,3511241,0
1.6164180879177504e-05,1.32825e-05,3513675,0
1.7347749052290018e-05,3.1438e-05,3514083,1
1.1862204643277343e-05,1.2847100000000001e-05,3517171,0
1.7428275578640338e-05,2.9894999999999998e-05,3520005,1
9.905441892347832e-06,1.6262300000000002e-05,3525026,0
1.0798010515855313e-05,1.8932400000000002e-05,3525832,0
1.0739186938440246e-05,1.3359999999999999e-05,3525888,0
1.6130400636082452e-05,2.9668999999999997e-05,3526977,1
9.652906632110331e-06,1.45534e-05,3527171,0
1.0154877727995166e-05,1.78813e-05,3529180,0
1.5660672604774014e-05,1.73288e-05,3530663,0
1.796823483659321e-05,3.0750099999999995e-05,3538326,1
9.958134527716712e-06,1.24749e-05,3539798,0
1.420582296736528e-05,2.32611e-05,3539887,0
1.7449398458936048e-05,4.1633e-05,3542977,1
1.6299981253205956e-05,2.6130099999999996e-05,3544702,1
1.1421327779521283e-05,2.0630299999999998e-05,3548167,0
1.0403249856768347e-05,1.63702e-05,3549574,0
9.83995751062406e-06,1.1928e-05,3555749,0
1.6074415338645115e-05,3.102992e-05,3557127,1
1.2940339425093815e-05,1.68723e-05,3557281,0
1.4580117736816364e-05,1.95329e-05,3558975,0
1.6799060913394933e-05,3.35104e-05,3560220,1
1.453149665167913e-05,1.2527e-05,3561223,0
1.1301165668841115e-05,1.71356e-05,3561272,0
1.6954199459650474e-05,3.2095800000000005e-05,3562043,1
1.2647438706781993e-05,9.905358e-06,3563741,0
1.7367258980268174e-05,3.0916e-05,3565501,1
1.1789327270622823e-05,1.29617e-05,3567097,0
1.2990830598938372e-05,2.0644e-05,3569051,0
9.432763128071876e-06,1.50166e-05,3570367,0
1.0155626713199388e-05,1.9360400000000002e-05,3572143,0
1.6807343166529295e-05,2.3854e-05,3573229,1
1.114514038067473e-05,1.2285e-05,3574064,0
2.050740084336072e-05,3.3515999999999996e-05,3574207,1
1.640145902967048e-05,3.49589e-05,3578515,1
1.232644927879265e-05,1.35396e-05,3578914,0
1.7013659028088884e-05,2.99409e-05,3582474,1
1.0071473491595876e-05,1.55513e-05,3585386,0
8.971406476943817e-06,1.23434e-05,3587841,0
9.695721776685323e-06,1.04349e-05,3588277,0
1.9065049325384866e-05,3.6641e-05,3588584,1
9.83906553885214e-06,1.67321e-05,3588685,0
1.451668255496555e-05,3.0454e-05,3590736,1
9.412392899608804e-06,1.22367e-05,3592487,0
1.2820996450633097e-05,2.1065899999999998e-05,3592883,0
1.2166810619966971e-05,1.4715e-05,3595345,0
1.7296012839740635e-05,3.67074e-05,3595947,1
1.007652106760348e-05,1.6699e-05,3605269,0
1.397542462696874e-05,2.28152e-05,3605415,0
1.7739399371825586e-05,1.414494e-05,3605455,0
1.7794338891841255e-05,2.8210000000000003e-05,3606574,1
1.3099852257154585e-05,1.4198999999999999e-05,3607807,0
8.535186265855677e-06,1.92134e-05,3614491,0
1.5502031108364204e-05,1.32466e-05,3615509,0
1.456980170166838e-05,2.2839999999999998e-05,3617470,0
1.7497440380979518e-05,2.9816e-05,3619414,1
1.04178203274888e-05,1.6448300000000003e-05,3622793,0
1.8858094526404497e-05,4.0326999999999995e-05,3625008,1
1.1583084428776003e-05,1.0823000000000001e-05,3626682,0
1.0056253039725112e-05,1.81702e-05,3628015,0
1.5076852462466354e-05,1.03833e-05,3628223,0
8.855644246971872e-06,1.45651e-05,3629345,0
1.3611583247112034e-05,1.5759799999999998e-05,3629848,0
1.495030023433662e-05,1.72581e-05,3632917,0
1.932081982340031e-05,3.0998e-05,3633131,1
1.0159878480572073e-05,1.52595e-05,3633182,0
1.4599812516270969e-05,1.41472e-05,3634295,0
1.0282254188094153e-05,1.74361e-05,3635792,0
1.611499824457002e-05,2.2239200000000002e-05,3637291,0
1.1986760386279949e-05,1.34316e-05,3637338,0
9.709473791152009e-06,1.71337e-05,3640301,0
9.161620730431312e-06,1.4803300000000001e-05,3641311,0
1.1085268383567997e-05,1.10589e-05,3641809,0
1.6092213770250553e-05,1.30362e-05,3642311,0
1.8487176305630452e-05,3.7056000000000006e-05,3643980,1
1.8131534763685563e-05,3.4398e-05,3648058,1
1.6006721625200403e-05,2.7486e-05,3648970,1
1.6031823781679518e-05,3.0824e-05,3653963,1
1.4771623569036462e-05,2.3328e-05,3657933,1
1.2983797915503629e-05,1.83563e-05,3658760,0
1.1727293324449373e-05,1.89809e-05,3661145,0
1.3111194708027129e-05,9.5511e-06,3661188,0
1.3008599182894527e-05,1.42253e-05,3661718,0
1.1973016257735742e-05,1.1908e-05,3661941,0
1.688167178204966e-05,2.56225e-05,3664070,1
2.1263906059341642e-05,2.3987e-05,3668055,1
1.5472084059786377e-05,1.24741e-05,3669333,0
1.119775095465137e-05,2.2977399999999998e-05,3672627,0
9.609330396596164e-06,1.4289000000000002e-05,3672729,0
1.0399915013928699e-05,1.4245e-05,3673383,0
9.976248136994976e-06,1.3622100000000001e-05,3673690,0
1.1220465511976762e-05,2.44461e-05,3680283,1
8.94175112942133e-06,1.5394100000000002e-05,3681528,0
1.1080274063607062e-05,2.05905e-05,3681874,0
1.3622744223749333e-05,1.078157e-05,3684010,0
1.285565612308833e-05,9.911000000000002e-06,3684495,0
9.886678469772075e-06,1.5311e-05,3684656,0
1.7461777410168407e-05,2.39731e-05,3689237,1
1.6821977776385517e-05,1.4385899999999999e-05,3689317,0
1.3897262823299629e-05,1.12678e-05,3690351,0
1.1169729057075311e-05,1.31949e-05,3692813,0
1.1591508558784499e-05,1.53345e-05,3692986,0
1.0912786847184756e-05,1.0685899999999999e-05,3693023,0
1.652605925495099e-05,2.93741e-05,3693219,1
1.0700864811220585e-05,1.1419e-05,3699299,0
1.794522018820639e-05,2.6368400000000003e-05,3700702,1
1.070616911329317e-05,1.40531e-05,3700737,0
9.490498606451687e-06,1.35606e-05,3701373,0
1.6413113541549552e-05,3.6095e-05,3702844,1
1.0695734816214319e-05,1.728e-05,3702881,0
1.3637078951716626e-05,2.00211e-05,3703237,0
9.547114376636548e-06,7.523000000000002e-06,3703283,0
1.37952399842506e-05,1.8383710000000002e-05,3704454,0
1.726216788042495e-05,1.88827e-05,3710179,0
9.946063050061151e-06,1.3636560000000001e-05,3710922,0
1.1452074598915563e-05,1.6792600000000002e-05,3715301,0
8.627246141907402e-06,1.5802000000000002e-05,3724287,0
1.7020456531409322e-05,1.7142799999999998e-05,3725446,0
1.3223614920851164e-05,1.4235099999999999e-05,3730399,0
1.597269333423913e-05,2.26686e-05,3731795,0
1.776543604527241e-05,3.37849e-05,3732423,1
9.95991409072418e-06,1.2348e-05,3732471,0
1.0243797632164153e-05,1.74463e-05,3732881,0
1.7023715198444765e-05,3.3017e-05,3733365,1
1.0690601694203762e-05,1.7319e-05,3735178,0
1.2067595155581833e-05,1.1836399999999999e-05,3735772,0
1.2174390685106378e-05,2.33071e-05,3735839,0
1.4438424862534744e-05,3.0394299999999998e-05,3736159,1
1.3389010514823562e-05,1.44828e-05,3736527,0
1.8788586221848473e-05,4.1530000000000004e-05,3737485,1
1.8211429126540362e-05,1.72324e-05,3740036,0
1.615342506060294e-05,1.1757999999999998e-05,3740074,0
2.0295152730768446e-05,3.4461e-05,3740613,1
1.0701361520738779e-05,1.09601e-05,3743309,0
1.3414169932912049e-05,1.60179e-05,3750659,0
1.7984452733749554e-05,3.1734200000000005e-05,3752447,1
1.3464938445754483e-05,1.33826e-05,3755283,0
1.088157716162738e-05,1.0284e-05,3755345,0
1.8112846109708815e-05,1.95778e-05,3756723,0
1.3135392445367121e-05,1.66935e-05,3757744,0
1.825513932877339e-05,2.4232500000000002e-05,3759510,1
1.1793655327952115e-05,1.3667999999999999e-05,3762430,0
1.1774045182150233e-05,1.23397e-05,3764408,0
1.7956523912141835e-05,3.497402e-05,3766380,1
1.4140625883480854e-05,1.85386e-05,3766484,0
1.0169442737151083e-05,2.063681e-05,3767114,0
1.4792708423469316e-05,1.7772000000000002e-05,3769551,0
9.433652295656968e-06,1.40955e-05,3772333,0
2.0036924126508498e-05,3.24357e-05,3772643,1
1.2849352296790819e-05,1.30756e-05,3776082,0
9.539798872728526e-06,1.4423400000000002e-05,3778566,0
1.5202044433116828e-05,2.88274e-05,3779520,1
1.8076711088694198e-05,2.3540200000000002e-05,3783265,1
1.9444861860508395e-05,4.2345e-05,3784979,1
1.2763170744367404e-05,1.2996799999999999e-05,3786090,0
1.80274332249953e-05,3.65564e-05,3789335,1
1.1141517600278456e-05,1.68567e-05,3789367,0
1.664392156718948e-05,1.63167e-05,3791221,0
1.2103706710106182e-05,1.64157e-05,3791555,0
1.5316213837284323e-05,3.17972e-05,3792177,1
1.5433998739584222e-05,1.88351e-05,3792520,0
1.6598908141181263e-05,2.97036e-05,3793693,1
1.158469380634961e-05,1.2418199999999999e-05,3793797,0
1.8184643477840183e-05,3.50719e-05,3796309,1
1.5892984453977945e-05,1.76541e-05,3797693,0
1.9616441595267172e-05,3.7316999999999995e-05,3798825,1
1.3146349059781252e-05,1.05624e-05,3798866,0
1.4322174279991347e-05,1.11622e-05,3805259,0
1.458684778746408e-05,2.05437e-05,3805343,0
1.4440281402814927e-05,2.42189e-05,3808580,1
8.895006320465088e-06,1.2096799999999999e-05,3810041,0
1.6039519635324008e-05,3.50952e-05,3810342,1
9.308421639202009e-06,1.07064e-05,3811219,0
2.0268505332556385e-05,3.3273e-05,3811690,1
1.0989546488655706e-05,1.12175e-05,3812578,0
1.17142642247596e-05,1.6735100000000002e-05,3812937,0
8.61056745807328e-06,1.586561e-05,3813045,0
1.0597515360189117e-05,1.655838e-05,3814744,0
1.62827305612792e-05,2.50654e-05,3816656,1
1.3919138007149687e-05,2.00043e-05,3819636,0
1.0417666102863734e-05,1.46192e-05,3819688,0
1.129437273591553e-05,1.24247e-05,3820917,0
1.0211101223823957e-05,1.8003570000000003e-05,3821262,0
1.3088489744229072e-05,1.48923e-05,3823665,0
1.394971692774937e-05,1.79718e-05,3824704,0
7.759721512464283e-06,1.3548999999999999e-05,3825588,0
1.0874257086829394e-05,1.5090999999999998e-05,3829647,0
1.7687539836073e-05,2.97865e-05,3830232,1
1.1241305477660897e-05,1.54498e-05,3830341,0
1.051399335629823e-05,1.6212800000000002e-05,3831398,0
1.1015437714466512e-05,1.6766400000000003e-05,3832636,0
1.655191178278063e-05,1.4984200000000001e-05,3832948,0
1.2825388301882254e-05,1.15956e-05,3840011,0
1.5588575380897743e-05,2.9238e-05,3843955,1
1.2174520417066356e-05,1.81318e-05,3844317,0
1.5551036359049554e-05,2.49818e-05,3848866,1
8.312549802479873e-06,1.3793399999999999e-05,3850603,0
1.2240310520505212e-05,1.0778e-05,3852814,0
9.775674773562403e-06,1.58003e-05,3853476,0
1.719284910838224e-05,2.94783e-05,3855335,1
9.16646027332024e-06,1.86979e-05,3856668,0
1.6082219437497774e-05,2.62574e-05,3857537,1
1.0847751215295025e-05,1.63854e-05,3858171,0
9.39426391170908e-06,1.4372499999999998e-05,3859229,0
2.0050285278564355e-05,3.17459e-05,3859590,1
1.3490237379819187e-05,2.0476e-05,3861379,0
1.040021331723671e-05,1.45579e-05,3863183,0
1.7766527167710498e-05,1.32294e-05,3863293,0
1.89518531373324e-05,3.4108999999999995e-05,3871535,1
1.8705966419031404e-05,1.62475e-05,3875361,0
1.5559823843973203e-05,3.24844e-05,3875717,1
1.4498103061329577e-05,1.48927e-05,3875818,0
1.1682535931152048e-05,1.52032e-05,3877015,0
1.2631967684348876e-05,1.59474e-05,3878323,0
1.0928893437656725e-05,1.7810729999999997e-05,3879026,0
1.1749997346122083e-05,1.79524e-05,3879262,0
1.54544582490187e-05,2.17186e-05,3881154,0
1.1450545325865031e-05,1.4474200000000001e-05,3884163,0
1.5472806936114127e-05,3.4316199999999995e-05,3885138,1
8.912874742993918e-06,1.97867e-05,3886375,0
9.943354114865667e-06,1.6865500000000003e-05,3887109,0
1.0434530247035809e-05,1.1586e-05,3888520,0
1.141764973680499e-05,1.34275e-05,3890305,0
9.743702747912928e-06,1.2495999999999999e-05,3893174,0
1.0289092330184413e-05,1.23524e-05,3894763,0
1.1183852550544777e-05,1.99139e-05,3895114,0
1.463356009221629e-05,1.50646e-05,3895531,0
1.0520117541664643e-05,1.72724e-05,3895821,0
1.5661753322902767e-05,1.64131e-05,3896180,0
1.0547013100728196e-05,1.24694e-05,3896626,0
2.0256247682586708e-05,3.13298e-05,3896774,1
1.2390063365351738e-05,2.0840499999999998e-05,3897657,0
1.1185538097220413e-05,1.5910799999999997e-05,3903803,0
1.7079434813665434e-05,3.1088719999999994e-05,3904418,1
9.10957256284758e-06,1.3228e-05,3906980,0
1.4574510676520929e-05,2.29744e-05,3907902,0
1.2068358163418725e-05,1.3219999999999999e-05,3908894,0
2.065684007886329e-05,3.164e-05,3910258,1
9.413530904871268e-06,1.39822e-05,3912544,0
1.0290795694283069e-05,1.14422e-05,3915813,0
9.845851300511253e-06,1.67734e-05,3919970,0
1.2590861317280136e-05,8.820099999999999e-06,3920745,0
9.278934749673835e-06,9.965e-06,3924303,0
1.4812069122928288e-05,1.5800400000000002e-05,3924532,0
1.923516206912291e-05,3.5432399999999996e-05,3925523,1
1.465567646955328e-05,1.89146e-05,3927358,0
1.641778518442468e-05,3.02168e-05,3931146,1
1.4679881006510656e-05,2.46422e-05,3932575,1
1.5238526250345391e-05,2.58126e-05,3934165,1
1.0398125674581132e-05,1.70801e-05,3934571,0
1.8480035976471045e-05,3.3676799999999996e-05,3935516,1
1.1225965553271836e-05,1.13825e-05,3936827,0
1.2436856508738277e-05,9.21683e-06,3938398,0
1.553336039631798e-05,3.22902e-05,3943577,1
1.2762000086880714e-05,1.58073e-05,3944101,0
1.8894088801170162e-05,3.9959e-05,3945580,1
1.945100011064781e-05,3.62565e-05,3947175,1
1.019877027348497e-05,1.24111e-05,3950063,0
1.1519650689260219e-05,1.60137e-05,3951749,0
1.0597825434503249e-05,1.2448999999999999e-05,3954250,0
1.2723820615404381e-05,1.69887e-05,3958587,0
1.1477605077910963e-05,1.45959e-05,3963031,0
1.914958809052201e-05,2.07312e-05,3966779,0
1.912768740581786e-05,1.53709e-05,3966816,0
1.3326887490084502e-05,1.0570000000000002e-05,3966881,0
9.131318474526318e-06,1.59615e-05,3970311,0
9.956389804604511e-06,1.39251e-05,3972020,0
1.6086276280456834e-05,1.5015800000000001e-05,3972469,0
1.0696875286042519e-05,1.68784e-05,3972569,0
1.5293802401072104e-05,1.5224999999999999e-05,3972837,0
1.421213248835375e-05,1.7201e-05,3972884,0
8.794671196882368e-06,1.81612e-05,3976630,0
1.0539932765127304e-05,1.62104e-05,3977152,0
1.6031161584718566e-05,3.1038900000000005e-05,3977736,1
9.712709038511965e-06,1.53761e-05,3979345,0
1.9349437526430183e-05,3.84448e-05,3979462,1
9.546536168701724e-06,1.29723e-05,3982967,0
1.3197354877012656e-05,1.1475000000000001e-05,3983614,0
7.698434126459209e-06,1.2044000000000002e-05,3985989,0
1.0865905920284742e-05,1.4895699999999999e-05,3987758,0
1.4857743095567381e-05,2.096966e-05,3991761,0
9.762774728132886e-06,1.23952e-05,3993177,0
1.120582169325719e-05,1.9225e-05,3993331,0
1.0287418060665503e-05,1.59867e-05,3993961,0
1.4197456230137377e-05,1.4449800000000002e-05,3994456,0
1.69521789544592e-05,2.80338e-05,3994623,1
1.120511313481493e-05,1.63314e-05,3995749,0
1.6869243420803056e-05,3.3903e-05,3995906,1
1.1218006233420433e-05,1.709381e-05,3997140,0
1.5965828531830096e-05,2.32927e-05,3997269,1
1.754275674246958e-05,3.4217e-05,3999925,1
1.3879998801899256e-05,1.69876e-05,4000219,0
1.2845651562187597e-05,1.0341000000000001e-05,4000265,0
1.42414085603837e-05,1.48551e-05,4004326,0
9.289977368168294e-06,1.28973e-05,4004973,0
1.4879759383387292e-05,2.1132900000000002e-05,4006342,0
1.1411358720938672e-05,1.3192400000000001e-05,4008163,0
1.5134719581792367e-05,3.35433e-05,4010168,1
1.1937206014379658e-05,2.16756e-05,4018036,0
1.1789834291170017e-05,1.22803e-05,4019869,0
1.2613052422888546e-05,1.27603e-05,4022254,0
1.5153516884633189e-05,2.6726600000000003e-05,4023839,1
1.6451284907631e-05,2.98268e-05,4025018,1
1.5017779866923149e-05,1.8405199999999998e-05,4028633,0
1.951756644031444e-05,3.7959999999999996e-05,4031821,1
1.9452808421476195e-05,3.13722e-05,4032516,1
1.460708792262211e-05,1.4116000000000002e-05,4033072,0
9.99255086533826e-06,1.1137100000000002e-05,4033375,0
9.062736292338775e-06,1.3175840000000001e-05,4034429,0
9.689643509381971e-06,1.3170499999999999e-05,4035016,0
1.0176220269164998e-05,1.4816e-05,4035912,0
9.666279085666183e-06,1.3933999999999999e-05,4040746,0
1.7752623300409718e-05,1.60386e-05,4046728,0
1.1001320665224554e-05,1.5048780000000001e-05,4047460,0
9.375988042188013e-06,1.49912e-05,4047739,0
1.7100285390949255e-05,3.30558e-05,4050573,1
1.8410425693390302e-05,3.7341999999999996e-05,4052026,1
1.1900244652801867e-05,1.2310300000000001e-05,4052714,0
1.1811319915089133e-05,1.42903e-05,4055302,0
1.0136471006456403e-05,1.5875457e-05,4055348,0
9.81629166373423e-06,1.36662e-05,4055412,0
1.0870461468359113e-05,1.1167400000000001e-05,4056370,0
1.07224869717763e-05,1.82526e-05,4062615,0
1.6429361605784705e-05,1.8754499999999998e-05,4062844,0
1.1147530580468436e-05,1.34124e-05,4063768,0
1.6777089917682138e-05,1.5122e-05,4065564,0
1.1280882251727428e-05,1.2825000000000002e-05,4067880,0
1.6166941353768828e-05,3.18972e-05,4068781,1
1.7676542230934887e-05,2.2227799999999997e-05,4076685,0
1.3855415660173343e-05,2.0054e-05,4077605,0
1.736231830308083e-05,1.84325e-05,4083005,0
8.684523378056641e-06,1.63575e-05,4085877,0
2.1327458653036372e-05,4.1359e-05,4090968,1
1.7842146741218724e-05,3.24543e-05,4096825,1
1.258642198839802e-05,1.26394e-05,4097291,0
1.8801392948217847e-05,3.5066e-05,4098070,1
1.616877866064977e-05,1.77049e-05,4100238,0
8.677491796401568e-06,1.42977e-05,4100442,0
8.644655014506975e-06,1.3021e-05,4100952,0
1.6620654810326547e-05,3.35122e-05,4101546,1
1.0394283187654764e-05,1.36604e-05,4102381,0
1.648676908400876e-05,3.05708e-05,4104686,1
1.627485434341634e-05,2.7409e-05,4105869,1
1.8097080175322937e-05,3.0175e-05,4108802,1
1.8707859346974482e-05,3.1715000000000004e-05,4111764,1
1.6587569588949607e-05,3.0003099999999997e-05,4114950,1
1.4890638958904353e-05,1.93303e-05,4116409,0
1.278076492436946e-05,2.24714e-05,4117330,0
1.699854829490779e-05,3.3922e-05,4119163,1
1.7501123808864688e-05,3.1012999999999996e-05,4120815,1
1.6721303712389373e-05,2.8276300000000002e-05,4121764,1
8.428106900670156e-06,1.3602000000000001e-05,4121864,0
1.0833809319882834e-05,1.40008e-05,4122855,0
1.5617496987318686e-05,2.9909e-05,4124213,1
1.338087830727415e-05,1.54982e-05,4126591,0
1.749933882205229e-05,2.8687100000000002e-05,4127719,1
1.0669559325256677e-05,1.7732999999999998e-05,4127748,0
2.0781385513853794e-05,1.84841e-05,4131667,0
1.4330699125108312e-05,2.1151909999999997e-05,4136061,0
1.0413542377148351e-05,1.02917e-05,4141414,0
1.5713257951406962e-05,2.18349e-05,4143000,0
1.553915736823212e-05,2.7106700000000003e-05,4143689,1
1.2577850882218166e-05,2.6756e-05,4143849,1
1.4756573207136035e-05,2.6648e-05,4146527,1
1.5366901842704632e-05,1.63246e-05,4146960,0
1.8982000878753862e-05,3.3426699999999996e-05,4149112,1
1.1481885869690237e-05,1.58935e-05,4151090,0
1.3893826984581747e-05,1.2996e-05,4152238,0
8.947395566252077e-06,1.5081e-05,4153611,0
9.102253350852543e-06,1.0409e-05,4158626,0
1.6613479026504608e-05,2.9971e-05,4160933,1
1.027693122922164e-05,1.2313e-05,4161254,0
1.1075431076093961e-05,1.0072000000000001e-05,4161728,0
1.5499985331115638e-05,3.2290000000000004e-05,4163206,1
1.153860870587902e-05,1.7684799999999997e-05,4163672,0
1.3742470088992364e-05,1.68043e-05,4164922,0
9.432558576199516e-06,1.9372170000000002e-05,4166937,0
1.6261286137901695e-05,2.56795e-05,4169920,1
1.8201710561412607e-05,2.91415e-05,4170547,1
1.1262232922700994e-05,1.67949e-05,4175752,0
7.716300796995575e-06,1.3118e-05,4175995,0
1.67549913170451e-05,3.22994e-05,4179391,1
1.203145189751666e-05,2.3048e-05,4179842,0
9.652691177299546e-06,1.4739e-05,4180554,0
2.0293363056586714e-05,3.87259e-05,4184069,1
1.468556791399806e-05,3.0763e-05,4186684,1
1.1453967971439523e-05,1.7710300000000002e-05,4186724,0
1.1999594221497997e-05,1.3735e-05,4188197,0
1.0574690510392069e-05,1.717661e-05,4188392,0
9.646372571341046e-06,1.45973e-05,4190060,0
1.6771073338503455e-05,1.70026e-05,4198428,0
1.1455986360253634e-05,1.18778e-05,4199043,0
1.0370638813726259e-05,1.2536500000000001e-05,4199797,0
1.3679849353718807e-05,1.59522e-05,4204107,0
1.2637583014551934e-05,1.51905e-05,4205481,0
1.1858246457480942e-05,1.34721e-05,4211253,0
9.732711543162479e-06,1.20098e-05,4211962,0
1.080352618278183e-05,1.2176000000000002e-05,4214152,0
1.951155169334367e-05,3.64654e-05,4217056,1
9.156073100012748e-06,1.06986e-05,4217960,0
9.106281599264817e-06,1.30673e-05,4222444,0
1.6033540294515166e-05,1.53018e-05,4227854,0
1.5391245695622212e-05,2.59265e-05,4233116,1
1.548136188216941e-05,3.3748800000000005e-05,4234037,1
1.817436242579318e-05,3.2491e-05,4235622,1
8.273411128912163e-06,1.65401e-05,4236438,0
1.3617258931035955e-05,1.01917e-05,4236983,0
1.547481571890379e-05,3.5002e-05,4238673,1
1.5966760445518525e-05,1.87823e-05,4239491,0
1.3662283209951468e-05,9.299999999999999e-06,4239529,0
1.5072812717100794e-05,3.2241e-05,4239908,1
8.90800442675142e-06,1.27418e-05,4241259,0
9.524339636802901e-06,1.25332e-05,4241319,0
1.7252590076061916e-05,3.4699899999999996e-05,4243584,1
1.122402752310793e-05,2.15196e-05,4244278,0
1.4919796937452018e-05,1.44375e-05,4245916,0
1.0821583424403566e-05,1.0437000000000002e-05,4246593,0
1.4525014527169871e-05,2.31495e-05,4249789,0
1.4324519315174726e-05,1.58455e-05,4249824,0
9.790089276497622e-06,1.29983e-05,4250405,0
1.3971610963464708e-05,2.7071e-05,4250561,1
1.2274758396551474e-05,2.35707e-05,4253799,0
1.2897058328937943e-05,2.38304e-05,4254648,0
1.0085078960403356e-05,9.757999999999999e-06,4255225,0
1.1058912106661056e-05,1.34676e-05,4256871,0
9.676043562882975e-06,1.7965600000000003e-05,4256989,0
1.7709789382113375e-05,3.75674e-05,4259654,1
8.119572395931525e-06,1.3825400000000001e-05,4261502,0
1.4528057676548815e-05,2.0384019999999998e-05,4265930,0
1.1780284940262944e-05,1.54177e-05,4269449,0
1.4077914088383685e-05,2.2594900000000003e-05,4270868,0
8.094544137783304e-06,1.53338e-05,4277637,0
9.33007000753273e-06,1.41353e-05,4278063,0
1.279216015300935e-05,1.39994e-05,4278712,0
1.0047596516293218e-05,1.1352e-05,4279336,0
1.6276385838262766e-05,3.1310000000000003e-05,4280980,1
1.0000370944089865e-05,1.2175499999999999e-05,4281230,0
9.524941107807546e-06,1.50791e-05,4281415,0
1.6775915414901397e-05,3.2703e-05,4283820,1
1.680967140124374e-05,3.43349e-05,4285026,1
1.3500970605649423e-05,1.603333e-05,4285062,0
1.445659296327798e-05,2.50215e-05,4286724,1
1.016222450438351e-05,1.43742e-05,4287186,0
1.8902112308605706e-05,3.51277e-05,4287890,1
1.285217211590142e-05,2.53166e-05,4288722,1
1.3782781649052217e-05,1.15772e-05,4289713,0
1.645309294684644e-05,1.62122e-05,4290232,0
1.1687203991140244e-05,1.72025e-05,4291105,0
8.87937675756509e-06,1.7193299999999997e-05,4292944,0
1.3922334394471584e-05,2.6584e-05,4295286,1
1.2090466370360334e-05,1.59565e-05,4295755,0
1.4719820212492029e-05,2.8027e-05,4296730,1
1.7395833818067586e-05,1.69685e-05,4299866,0
1.7734523209419125e-05,3.5414e-05,4302057,1
1.8306277519855296e-05,3.5206e-05,4303605,1
1.0225060279826967e-05,1.53169e-05,4304295,0
1.3751228761210905e-05,3.2012e-05,4304720,1
9.625107942232308e-06,1.23599e-05,4304752,0
1.4689510299433168e-05,2.5647e-05,4307473,1
1.2686803891454906e-05,1.2621999999999999e-05,4307505,0
1.6611355702688225e-05,1.4233500000000002e-05,4307839,0
1.5155724419713496e-05,9.96606e-06,4307875,0
1.5969003535151317e-05,2.40094e-05,4314750,1
1.111394086915599e-05,1.75622e-05,4317182,0
1.6401507109105854e-05,1.84654e-05,4318566,0
9.301088175758747e-06,1.88375e-05,4320169,0
1.1371893582680244e-05,1.38869e-05,4320541,0
1.0725059927404737e-05,1.5871199999999998e-05,4320588,0
8.748657921828837e-06,1.6231400000000002e-05,4325501,0
1.6032409042330533e-05,2.57937e-05,4326168,1
1.1104416430674478e-05,1.45316e-05,4329013,0
1.4713438680454561e-05,3.38947e-05,4345238,1
1.4149731240288186e-05,1.7843e-05,4345603,0
1.46035854249422e-05,2.4217999999999998e-05,4346486,1
1.4624564454897357e-05,1.18995e-05,4351083,0
8.736107890009085e-06,1.79513e-05,4354339,0
1.3340473600768804e-05,1.91319e-05,4357590,0
9.42946121288649e-06,1.1503299999999999e-05,4359337,0
1.3531752561419042e-05,1.8501e-05,4366930,0
1.1472659382373353e-05,9.209999999999998e-06,4366976,0
1.8908598483379828e-05,1.9957e-05,4370775,0
8.688575816468702e-06,1.41704e-05,4370886,0
9.622238543014272e-06,2.1386e-05,4373748,0
9.09455335738804e-06,1.28952e-05,4382417,0
1.2786657298698408e-05,1.24872e-05,4383185,0
8.966745184517532e-06,1.803835e-05,4383498,0
1.1332957944529913e-05,1.12011e-05,4384410,0
9.49960597228396e-06,1.5081900000000002e-05,4387546,0
1.0292500492202838e-05,1.12098e-05,4390093,0
1.064771891126468e-05,1.79612e-05,4393351,0
1.6460486828982656e-05,3.06038e-05,4397511,1
8.795695614886776e-06,1.94249e-05,4399644,0
1.718156454819234e-05,3.1522e-05,4400415,1
1.0298086864000509e-05,1.2766e-05,4401039,0
1.3211606774572691e-05,1.847947e-05,4403479,0
9.249161775976966e-06,1.77972e-05,4403622,0
1.5191990071698809e-05,2.9481600000000002e-05,4404770,1
1.4811639494486863e-05,1.23598e-05,4404890,0
9.699387198369424e-06,1.15349e-05,4409131,0
9.94539409057551e-06,1.2309999999999999e-05,4413009,0
1.1112853648590334e-05,1.4826400000000001e-05,4413334,0
1.4052564598358485e-05,2.23624e-05,4414350,0
